Topic,Content block,Scene,Scene name,Current copy,Proposed copy,Notes,Source file,Field ID
"Shared · Opening","Headline · line 1","1","Opening","Your future","","","src/components/scenes/Scene1Opening.tsx","1-headline-line-1-default"
"Shared · Opening","Headline · line 2","1","Opening","doesn't start","","","src/components/scenes/Scene1Opening.tsx","1-headline-line-2-default"
"Shared · Opening","Headline · line 3","1","Opening","with choosing","","","src/components/scenes/Scene1Opening.tsx","1-headline-line-3-default"
"Shared · Opening","Headline · line 4","1","Opening","a university.","","","src/components/scenes/Scene1Opening.tsx","1-headline-line-4-default"
"Shared · Opening","Headline · line 5","1","Opening","It starts","","","src/components/scenes/Scene1Opening.tsx","1-headline-line-5-default"
"Shared · Opening","Headline · line 6","1","Opening","with imagining","","","src/components/scenes/Scene1Opening.tsx","1-headline-line-6-default"
"Shared · Opening","Headline · line 7","1","Opening","what's possible.","","","src/components/scenes/Scene1Opening.tsx","1-headline-line-7-default"
"Shared · Opening","UI · scroll indicator","1","Opening","Scroll to explore","","","src/components/ui/ScrollIndicator.tsx","1-ui-scroll-indicator-default"
"Shared · Opening","Headline · line 1","2","Campus Life","Some people arrive","","","src/components/scenes/Scene2CampusLife.tsx","2-headline-line-1-default"
"Shared · Opening","Headline · line 2","2","Campus Life","knowing exactly","","","src/components/scenes/Scene2CampusLife.tsx","2-headline-line-2-default"
"Shared · Opening","Headline · line 3","2","Campus Life","where they're going.","","","src/components/scenes/Scene2CampusLife.tsx","2-headline-line-3-default"
"Shared · Opening","Headline · line 4","2","Campus Life","Most don't.","","","src/components/scenes/Scene2CampusLife.tsx","2-headline-line-4-default"
"Shared · Opening","Headline · line 5","2","Campus Life","Either way...","","","src/components/scenes/Scene2CampusLife.tsx","2-headline-line-5-default"
"Shared · Opening","Headline · line 6","2","Campus Life","you're in the right place.","","","src/components/scenes/Scene2CampusLife.tsx","2-headline-line-6-default"
"Shared · Interest selection","Interest card · emoji","3","Interest Choice","🚀","","","src/lib/interests.ts","3-interest-card-emoji-interest-build"
"Shared · Interest selection","Interest card · emoji","3","Interest Choice","❤️","","","src/lib/interests.ts","3-interest-card-emoji-interest-help"
"Shared · Interest selection","Interest card · emoji","3","Interest Choice","🎨","","","src/lib/interests.ts","3-interest-card-emoji-interest-create"
"Shared · Interest selection","Interest card · emoji","3","Interest Choice","🌎","","","src/lib/interests.ts","3-interest-card-emoji-interest-change-world"
"Shared · Interest selection","Interest card · emoji","3","Interest Choice","💼","","","src/lib/interests.ts","3-interest-card-emoji-interest-business"
"Shared · Interest selection","Interest card · emoji","3","Interest Choice","🔬","","","src/lib/interests.ts","3-interest-card-emoji-interest-discover"
"Shared · Interest selection","Interest card · emoji","3","Interest Choice","🎮","","","src/lib/interests.ts","3-interest-card-emoji-interest-games"
"Shared · Interest selection","Interest card · emoji","3","Interest Choice","🌱","","","src/lib/interests.ts","3-interest-card-emoji-interest-planet"
"Shared · Interest selection","Interest card · emoji","3","Interest Choice","🤔","","","src/lib/interests.ts","3-interest-card-emoji-interest-exploring"
"Shared · Interest selection","Interest card · label","3","Interest Choice","Build things","","","src/lib/interests.ts","3-interest-card-label-interest-build"
"Shared · Interest selection","Interest card · label","3","Interest Choice","Help people","","","src/lib/interests.ts","3-interest-card-label-interest-help"
"Shared · Interest selection","Interest card · label","3","Interest Choice","Create","","","src/lib/interests.ts","3-interest-card-label-interest-create"
"Shared · Interest selection","Interest card · label","3","Interest Choice","Change the world","","","src/lib/interests.ts","3-interest-card-label-interest-change-world"
"Shared · Interest selection","Interest card · label","3","Interest Choice","Start a business","","","src/lib/interests.ts","3-interest-card-label-interest-business"
"Shared · Interest selection","Interest card · label","3","Interest Choice","Discover","","","src/lib/interests.ts","3-interest-card-label-interest-discover"
"Shared · Interest selection","Interest card · label","3","Interest Choice","Design games","","","src/lib/interests.ts","3-interest-card-label-interest-games"
"Shared · Interest selection","Interest card · label","3","Interest Choice","Protect the planet","","","src/lib/interests.ts","3-interest-card-label-interest-planet"
"Shared · Interest selection","Interest card · label","3","Interest Choice","Still exploring","","","src/lib/interests.ts","3-interest-card-label-interest-exploring"
"Shared · Interest selection","Scene UI · body (gated)","3","Interest Choice","Choose one to continue — or explore degrees first, then come back and tap your pick.","","","src/components/scenes/Scene3Interests.tsx","3-scene-ui-body-gated-default"
"Shared · Interest selection","Scene UI · body (selected)","3","Interest Choice","Tap what resonates. Your path adapts from here.","","","src/components/scenes/Scene3Interests.tsx","3-scene-ui-body-selected-default"
"Shared · Interest selection","Scene UI · gate CTA","3","Interest Choice","Or browse all degrees at ASU first →","","","src/components/scenes/Scene3Interests.tsx","3-scene-ui-gate-cta-default"
"Shared · Interest selection","Scene UI · gate prompt","3","Interest Choice","Pick one to continue","","","src/components/scenes/Scene3Interests.tsx","3-scene-ui-gate-prompt-default"
"Shared · Interest selection","Scene UI · headline","3","Interest Choice","What pulls you in?","","","src/components/scenes/Scene3Interests.tsx","3-scene-ui-headline-default"
"Shared · Interest selection","Scene UI · post-select CTA","3","Interest Choice","Browse degrees for your interest →","","","src/components/scenes/Scene3Interests.tsx","3-scene-ui-post-select-cta-default"
"Shared · Interest selection","Scene UI · status (saved)","3","Interest Choice","Saved — scroll to see your path","","","src/components/scenes/Scene3Interests.tsx","3-scene-ui-status-saved-default"
"Shared · Default path (no interest selected)","Mirror · emphasis","4","Personalized Mirror","still forming.","","","src/lib/personalization.ts","4-mirror-emphasis-default"
"Shared · Default path (no interest selected)","Mirror · headline","4","Personalized Mirror","Yours is","","","src/lib/personalization.ts","4-mirror-headline-default"
"Shared · Default path (no interest selected)","Mirror · imageAlt","4","Personalized Mirror","Student looking toward the horizon on campus","","","src/lib/personalization.ts","4-mirror-imagealt-default"
"Shared · Default path (no interest selected)","Mirror · imageSrc","4","Personalized Mirror","https://images.unsplash.com/photo-1523580495183-7fccf8c64754?auto=format&fit=crop&w=2400&q=80","","","src/lib/personalization.ts","4-mirror-imagesrc-default"
"Shared · Default path (no interest selected)","Mirror · preline","4","Personalized Mirror","Every path is different.","","","src/lib/personalization.ts","4-mirror-preline-default"
"Shared · Default path (no interest selected)","Mirror · subline","4","Personalized Mirror","Choose what pulls you in above — and watch the story shift.","","","src/lib/personalization.ts","4-mirror-subline-default"
"Shared · Default path (no interest selected)","Scene UI · headline","5","Path Reveal","Three moments that could be yours.","","","src/components/scenes/Scene5PathReveal.tsx","5-scene-ui-headline-default"
"Shared · Default path (no interest selected)","Scene UI · kicker (default)","5","Path Reveal","Explore paths","","","src/components/scenes/Scene5PathReveal.tsx","5-scene-ui-kicker-default-default"
"Shared · Default path (no interest selected)","Scene UI · kicker (selected)","5","Path Reveal","Your path","","","src/components/scenes/Scene5PathReveal.tsx","5-scene-ui-kicker-selected-default"
"Shared · Default path (no interest selected)","Momentum · headline","6","Momentum","The future isn't waiting.","","","src/lib/personalization.ts","6-momentum-headline-default"
"Shared · Default path (no interest selected)","Momentum · imageAlt","6","Momentum","Students walking across campus at sunset","","","src/lib/personalization.ts","6-momentum-imagealt-default"
"Shared · Default path (no interest selected)","Momentum · imageSrc","6","Momentum","https://images.unsplash.com/photo-1541339907198-e08756dedf32?auto=format&fit=crop&w=2400&q=80","","","src/lib/personalization.ts","6-momentum-imagesrc-default"
"Shared · Default path (no interest selected)","Momentum · stat","6","Momentum","140K+","","","src/lib/personalization.ts","6-momentum-stat-default"
"Shared · Default path (no interest selected)","Momentum · statLabel","6","Momentum","students charting their own path","","","src/lib/personalization.ts","6-momentum-statlabel-default"
"Shared · Default path (no interest selected)","Momentum · subline","6","Momentum","Neither should you.","","","src/lib/personalization.ts","6-momentum-subline-default"
"Shared · Default path (no interest selected)","Scene UI · helper","6","Momentum","More of your story is coming — two choices below shape what follows","","","src/components/scenes/Scene6Momentum.tsx","6-scene-ui-helper-default"
"Shared · Default path (no interest selected)","Scene UI · quote footer kicker","7","Student Voice","Golden Conversations","","","src/components/scenes/Scene7StudentVoice.tsx","7-scene-ui-quote-footer-kicker-default"
"Shared · Default path (no interest selected)","Scene UI · ribbon suffix","7","Student Voice","· your path","","","src/components/scenes/Scene7StudentVoice.tsx","7-scene-ui-ribbon-suffix-default"
"Shared · Default path (no interest selected)","Student voice · context","7","Student Voice","ASU alum · Senior Director, Business Development","","","src/lib/sprint3-content.ts","7-student-voice-context-default"
"Shared · Default path (no interest selected)","Student voice · imageAlt","7","Student Voice","Graduating student celebrating at ASU","","","src/lib/sprint3-content.ts","7-student-voice-imagealt-default"
"Shared · Default path (no interest selected)","Student voice · imageSrc","7","Student Voice","/images/scenes/graduating-student.jpg","","","src/lib/sprint3-content.ts","7-student-voice-imagesrc-default"
"Shared · Default path (no interest selected)","Student voice · name","7","Student Voice","Nikhil D.","","","src/lib/sprint3-content.ts","7-student-voice-name-default"
"Shared · Default path (no interest selected)","Student voice · quote","7","Student Voice","The relationships that you make with people make you who you are.","","","src/lib/sprint3-content.ts","7-student-voice-quote-default"
"Shared · Default path (no interest selected)","Scene UI · kicker","8","Stat Beats","What does it mean?","","","src/components/scenes/Scene8StatBeats.tsx","8-scene-ui-kicker-default"
"Shared · Default path (no interest selected)","Stat beat 1 · label","8","Stat Beats","in innovation","","","src/lib/sprint3-content.ts","8-stat-beat-1-label-default"
"Shared · Default path (no interest selected)","Stat beat 1 · stat","8","Stat Beats","#1","","","src/lib/sprint3-content.ts","8-stat-beat-1-stat-default"
"Shared · Default path (no interest selected)","Stat beat 1 · sublabel","8","Stat Beats","among public universities — 10 years running","","","src/lib/sprint3-content.ts","8-stat-beat-1-sublabel-default"
"Shared · Default path (no interest selected)","Stat beat 2 · label","8","Stat Beats","undergraduate degrees","","","src/lib/sprint3-content.ts","8-stat-beat-2-label-default"
"Shared · Default path (no interest selected)","Stat beat 2 · stat","8","Stat Beats","400+","","","src/lib/sprint3-content.ts","8-stat-beat-2-stat-default"
"Shared · Default path (no interest selected)","Stat beat 2 · sublabel","8","Stat Beats","across 18 colleges and schools","","","src/lib/sprint3-content.ts","8-stat-beat-2-sublabel-default"
"Shared · Default path (no interest selected)","Stat beat 3 · label","8","Stat Beats","student organizations","","","src/lib/sprint3-content.ts","8-stat-beat-3-label-default"
"Shared · Default path (no interest selected)","Stat beat 3 · stat","8","Stat Beats","1,000+","","","src/lib/sprint3-content.ts","8-stat-beat-3-stat-default"
"Shared · Default path (no interest selected)","Stat beat 3 · sublabel","8","Stat Beats","find your people from day one","","","src/lib/sprint3-content.ts","8-stat-beat-3-sublabel-default"
"Shared · Default path (no interest selected)","Experience 1 · description","9","Real Experiences","ASU's immersive VR biology lab uses gripping storytelling to teach concepts — students retain more and raise grades by a full letter.","","","src/lib/sprint3-content.ts","9-experience-1-description-default"
"Shared · Default path (no interest selected)","Experience 1 · headline","9","Real Experiences","You're part of the story.","","","src/lib/sprint3-content.ts","9-experience-1-headline-default"
"Shared · Default path (no interest selected)","Experience 1 · imageAlt","9","Real Experiences","Immersive virtual reality learning environment","","","src/lib/sprint3-content.ts","9-experience-1-imagealt-default"
"Shared · Default path (no interest selected)","Experience 1 · imageSrc","9","Real Experiences","https://images.unsplash.com/photo-1592478411213-76181894ffd2?auto=format&fit=crop&w=1600&q=80","","","src/lib/sprint3-content.ts","9-experience-1-imagesrc-default"
"Shared · Default path (no interest selected)","Experience 1 · program","9","Real Experiences","Dreamscape Learn","","","src/lib/sprint3-content.ts","9-experience-1-program-default"
"Shared · Default path (no interest selected)","Experience 2 · description","9","Real Experiences","A nationally recognized honors experience with exclusive courses, personalized mentorship, and 600+ academic experiences every semester.","","","src/lib/sprint3-content.ts","9-experience-2-description-default"
"Shared · Default path (no interest selected)","Experience 2 · headline","9","Real Experiences","8,000 students. One community.","","","src/lib/sprint3-content.ts","9-experience-2-headline-default"
"Shared · Default path (no interest selected)","Experience 2 · imageAlt","9","Real Experiences","Honors students walking on campus","","","src/lib/sprint3-content.ts","9-experience-2-imagealt-default"
"Shared · Default path (no interest selected)","Experience 2 · imageSrc","9","Real Experiences","https://images.unsplash.com/photo-1541339907198-e08756dedf32?auto=format&fit=crop&w=1600&q=80","","","src/lib/sprint3-content.ts","9-experience-2-imagesrc-default"
"Shared · Default path (no interest selected)","Experience 2 · program","9","Real Experiences","Barrett, The Honors College","","","src/lib/sprint3-content.ts","9-experience-2-program-default"
"Shared · Default path (no interest selected)","Experience 3 · description","9","Real Experiences","Before classes even start — marching band, Sparky, President Crow, and 70,000 Sun Devils welcoming you home at Mountain America Stadium.","","","src/lib/sprint3-content.ts","9-experience-3-description-default"
"Shared · Default path (no interest selected)","Experience 3 · headline","9","Real Experiences","Pure passion and fire.","","","src/lib/sprint3-content.ts","9-experience-3-headline-default"
"Shared · Default path (no interest selected)","Experience 3 · imageAlt","9","Real Experiences","Stadium filled with cheering students","","","src/lib/sprint3-content.ts","9-experience-3-imagealt-default"
"Shared · Default path (no interest selected)","Experience 3 · imageSrc","9","Real Experiences","https://images.unsplash.com/photo-1459865264687-595d652de67e?auto=format&fit=crop&w=1600&q=80","","","src/lib/sprint3-content.ts","9-experience-3-imagesrc-default"
"Shared · Default path (no interest selected)","Experience 3 · program","9","Real Experiences","Sun Devil Welcome","","","src/lib/sprint3-content.ts","9-experience-3-program-default"
"Shared · Default path (no interest selected)","Scene UI · experience CTA","9","Real Experiences","View degree on degrees.asu.edu","","","src/components/scenes/Scene9RealExperiences.tsx","9-scene-ui-experience-cta-default"
"Shared · Default path (no interest selected)","Scene UI · headline (default)","9","Real Experiences","Not brochures.","","","src/components/scenes/Scene9RealExperiences.tsx","9-scene-ui-headline-default-default"
"Shared · Default path (no interest selected)","Scene UI · headline (personalized)","9","Real Experiences","Picked for your path.","","","src/components/scenes/Scene9RealExperiences.tsx","9-scene-ui-headline-personalized-default"
"Shared · Default path (no interest selected)","Scene UI · kicker","9","Real Experiences","Real experiences","","","src/components/scenes/Scene9RealExperiences.tsx","9-scene-ui-kicker-default"
"Shared · Default path (no interest selected)","Scene UI · subhead (default)","9","Real Experiences","Actual programs. Actual people.","","","src/components/scenes/Scene9RealExperiences.tsx","9-scene-ui-subhead-default-default"
"Shared · Default path (no interest selected)","Scene UI · subhead (personalized)","9","Real Experiences","Programs matched to you.","","","src/components/scenes/Scene9RealExperiences.tsx","9-scene-ui-subhead-personalized-default"
"Shared · Default path (no interest selected)","Belonging · chapter","10","You Belong","03.","","","src/lib/sprint3-content.ts","10-belonging-chapter-default"
"Shared · Default path (no interest selected)","Belonging · emphasis","10","You Belong","belong.","","","src/lib/sprint3-content.ts","10-belonging-emphasis-default"
"Shared · Default path (no interest selected)","Belonging · headline","10","You Belong","you","","","src/lib/sprint3-content.ts","10-belonging-headline-default"
"Shared · Default path (no interest selected)","Belonging · imageAlt","10","You Belong","Student on campus at golden hour","","","src/lib/sprint3-content.ts","10-belonging-imagealt-default"
"Shared · Default path (no interest selected)","Belonging · imageSrc","10","You Belong","https://images.unsplash.com/photo-1523580495183-7fccf8c64754?auto=format&fit=crop&w=2400&q=80","","","src/lib/sprint3-content.ts","10-belonging-imagesrc-default"
"Shared · Default path (no interest selected)","Belonging · preline","10","You Belong","If you're starting to picture yourself here —","","","src/lib/sprint3-content.ts","10-belonging-preline-default"
"Shared · Default path (no interest selected)","Belonging · subline","10","You Belong","Join 140,000+ Sun Devils who chose to explore what's possible.","","","src/lib/sprint3-content.ts","10-belonging-subline-default"
"Shared · Default path (no interest selected)","Scene UI · helper","10","You Belong","More of your story is coming","","","src/components/scenes/Scene10Belonging.tsx","10-scene-ui-helper-default"
"Shared · Learning style selection","Learning style tile · emoji","11","Learning Style","🛠️","","","src/lib/sprint4-content.ts","11-learning-style-tile-emoji-learning-hands-on"
"Shared · Learning style selection","Learning style tile · emoji","11","Learning Style","🤝","","","src/lib/sprint4-content.ts","11-learning-style-tile-emoji-learning-collaborative"
"Shared · Learning style selection","Learning style tile · emoji","11","Learning Style","🎧","","","src/lib/sprint4-content.ts","11-learning-style-tile-emoji-learning-independent"
"Shared · Learning style selection","Learning style tile · emoji","11","Learning Style","🧭","","","src/lib/sprint4-content.ts","11-learning-style-tile-emoji-learning-exploring"
"Shared · Learning style selection","Learning style tile · id","11","Learning Style","hands-on","","","src/lib/sprint4-content.ts","11-learning-style-tile-id-learning-hands-on"
"Shared · Learning style selection","Learning style tile · id","11","Learning Style","collaborative","","","src/lib/sprint4-content.ts","11-learning-style-tile-id-learning-collaborative"
"Shared · Learning style selection","Learning style tile · id","11","Learning Style","independent","","","src/lib/sprint4-content.ts","11-learning-style-tile-id-learning-independent"
"Shared · Learning style selection","Learning style tile · id","11","Learning Style","exploring","","","src/lib/sprint4-content.ts","11-learning-style-tile-id-learning-exploring"
"Shared · Learning style selection","Learning style tile · label","11","Learning Style","Hands-on","","","src/lib/sprint4-content.ts","11-learning-style-tile-label-learning-hands-on"
"Shared · Learning style selection","Learning style tile · label","11","Learning Style","With people","","","src/lib/sprint4-content.ts","11-learning-style-tile-label-learning-collaborative"
"Shared · Learning style selection","Learning style tile · label","11","Learning Style","On my own","","","src/lib/sprint4-content.ts","11-learning-style-tile-label-learning-independent"
"Shared · Learning style selection","Learning style tile · label","11","Learning Style","Still exploring","","","src/lib/sprint4-content.ts","11-learning-style-tile-label-learning-exploring"
"Shared · Learning style selection","Learning style tile · tagline","11","Learning Style","Build it. Break it. Fix it. Learn.","","","src/lib/sprint4-content.ts","11-learning-style-tile-tagline-learning-hands-on"
"Shared · Learning style selection","Learning style tile · tagline","11","Learning Style","Small groups, big ideas, real connection.","","","src/lib/sprint4-content.ts","11-learning-style-tile-tagline-learning-collaborative"
"Shared · Learning style selection","Learning style tile · tagline","11","Learning Style","Self-paced, deep focus, your rhythm.","","","src/lib/sprint4-content.ts","11-learning-style-tile-tagline-learning-independent"
"Shared · Learning style selection","Learning style tile · tagline","11","Learning Style","Try everything — no wrong answer.","","","src/lib/sprint4-content.ts","11-learning-style-tile-tagline-learning-exploring"
"Shared · Learning style selection","Scene UI · body","11","Learning Style","This shapes what comes next — programs, spaces, and stories picked for you.","","","src/components/scenes/Scene11LearningStyle.tsx","11-scene-ui-body-default"
"Shared · Learning style selection","Scene UI · headline line 1","11","Learning Style","How do you","","","src/components/scenes/Scene11LearningStyle.tsx","11-scene-ui-headline-line-1-default"
"Shared · Learning style selection","Scene UI · headline line 2","11","Learning Style","learn best?","","","src/components/scenes/Scene11LearningStyle.tsx","11-scene-ui-headline-line-2-default"
"Shared · Learning style selection","Scene UI · helper link","11","Learning Style","Not sure how you learn best? Browse degrees at ASU first →","","","src/components/scenes/Scene11LearningStyle.tsx","11-scene-ui-helper-link-default"
"Shared · Learning style selection","Scene UI · kicker","11","Learning Style","Go deeper","","","src/components/scenes/Scene11LearningStyle.tsx","11-scene-ui-kicker-default"
"Shared · Learning style selection","Scene UI · status (saved)","11","Learning Style","Saved — one more choice below","","","src/components/scenes/Scene11LearningStyle.tsx","11-scene-ui-status-saved-default"
"Shared · Campus selection","Campus card · description","12","Campus Choice","Big 12 sports, VR labs, and the heartbeat of ASU.","","","src/lib/sprint4-content.ts","12-campus-card-description-campus-tempe"
"Shared · Campus selection","Campus card · description","12","Campus Choice","Journalism, health care, government — career connections everywhere.","","","src/lib/sprint4-content.ts","12-campus-card-description-campus-downtown"
"Shared · Campus selection","Campus card · description","12","Campus Choice","Desert arboretum, makerspaces, and hands-on from day one.","","","src/lib/sprint4-content.ts","12-campus-card-description-campus-polytechnic"
"Shared · Campus selection","Campus card · description","12","Campus Choice","Tight-knit, peaceful, and focused on what's next.","","","src/lib/sprint4-content.ts","12-campus-card-description-campus-west-valley"
"Shared · Campus selection","Campus card · description","12","Campus Choice","Same faculty, same degree — from wherever you are.","","","src/lib/sprint4-content.ts","12-campus-card-description-campus-online"
"Shared · Campus selection","Campus card · description","12","Campus Choice","Four campuses, one university — you'll find your fit.","","","src/lib/sprint4-content.ts","12-campus-card-description-campus-undecided"
"Shared · Campus selection","Campus card · id","12","Campus Choice","tempe","","","src/lib/sprint4-content.ts","12-campus-card-id-campus-tempe"
"Shared · Campus selection","Campus card · id","12","Campus Choice","downtown","","","src/lib/sprint4-content.ts","12-campus-card-id-campus-downtown"
"Shared · Campus selection","Campus card · id","12","Campus Choice","polytechnic","","","src/lib/sprint4-content.ts","12-campus-card-id-campus-polytechnic"
"Shared · Campus selection","Campus card · id","12","Campus Choice","west-valley","","","src/lib/sprint4-content.ts","12-campus-card-id-campus-west-valley"
"Shared · Campus selection","Campus card · id","12","Campus Choice","online","","","src/lib/sprint4-content.ts","12-campus-card-id-campus-online"
"Shared · Campus selection","Campus card · id","12","Campus Choice","undecided","","","src/lib/sprint4-content.ts","12-campus-card-id-campus-undecided"
"Shared · Campus selection","Campus card · imageAlt","12","Campus Choice","Students walking on the Tempe campus","","","src/lib/sprint4-content.ts","12-campus-card-imagealt-campus-tempe"
"Shared · Campus selection","Campus card · imageAlt","12","Campus Choice","Downtown Phoenix skyline at dusk","","","src/lib/sprint4-content.ts","12-campus-card-imagealt-campus-downtown"
"Shared · Campus selection","Campus card · imageAlt","12","Campus Choice","Engineering makerspace at Polytechnic campus","","","src/lib/sprint4-content.ts","12-campus-card-imagealt-campus-polytechnic"
"Shared · Campus selection","Campus card · imageAlt","12","Campus Choice","West Valley campus courtyards and fountains","","","src/lib/sprint4-content.ts","12-campus-card-imagealt-campus-west-valley"
"Shared · Campus selection","Campus card · imageAlt","12","Campus Choice","Student learning online from anywhere","","","src/lib/sprint4-content.ts","12-campus-card-imagealt-campus-online"
"Shared · Campus selection","Campus card · imageAlt","12","Campus Choice","Student exploring campus options","","","src/lib/sprint4-content.ts","12-campus-card-imagealt-campus-undecided"
"Shared · Campus selection","Campus card · imageSrc","12","Campus Choice","https://images.unsplash.com/photo-1541339907198-e08756dedf32?auto=format&fit=crop&w=1600&q=80","","","src/lib/sprint4-content.ts","12-campus-card-imagesrc-campus-tempe"
"Shared · Campus selection","Campus card · imageSrc","12","Campus Choice","https://images.unsplash.com/photo-1477959856237-4a6700d41685?auto=format&fit=crop&w=1600&q=80","","","src/lib/sprint4-content.ts","12-campus-card-imagesrc-campus-downtown"
"Shared · Campus selection","Campus card · imageSrc","12","Campus Choice","https://images.unsplash.com/photo-1581091226825-a6a2a5aee158?auto=format&fit=crop&w=1600&q=80","","","src/lib/sprint4-content.ts","12-campus-card-imagesrc-campus-polytechnic"
"Shared · Campus selection","Campus card · imageSrc","12","Campus Choice","https://images.unsplash.com/photo-1562774053-701939374585?auto=format&fit=crop&w=1600&q=80","","","src/lib/sprint4-content.ts","12-campus-card-imagesrc-campus-west-valley"
"Shared · Campus selection","Campus card · imageSrc","12","Campus Choice","https://images.unsplash.com/photo-1522202176988-66273c2fd55f?auto=format&fit=crop&w=1600&q=80","","","src/lib/sprint4-content.ts","12-campus-card-imagesrc-campus-online"
"Shared · Campus selection","Campus card · imageSrc","12","Campus Choice","https://images.unsplash.com/photo-1523580495183-7fccf8c64754?auto=format&fit=crop&w=1600&q=80","","","src/lib/sprint4-content.ts","12-campus-card-imagesrc-campus-undecided"
"Shared · Campus selection","Campus card · label","12","Campus Choice","Tempe","","","src/lib/sprint4-content.ts","12-campus-card-label-campus-tempe"
"Shared · Campus selection","Campus card · label","12","Campus Choice","Downtown Phoenix","","","src/lib/sprint4-content.ts","12-campus-card-label-campus-downtown"
"Shared · Campus selection","Campus card · label","12","Campus Choice","Polytechnic","","","src/lib/sprint4-content.ts","12-campus-card-label-campus-polytechnic"
"Shared · Campus selection","Campus card · label","12","Campus Choice","West Valley","","","src/lib/sprint4-content.ts","12-campus-card-label-campus-west-valley"
"Shared · Campus selection","Campus card · label","12","Campus Choice","ASU Online","","","src/lib/sprint4-content.ts","12-campus-card-label-campus-online"
"Shared · Campus selection","Campus card · label","12","Campus Choice","Not sure yet","","","src/lib/sprint4-content.ts","12-campus-card-label-campus-undecided"
"Shared · Campus selection","Campus card · vibe","12","Campus Choice","Energy","","","src/lib/sprint4-content.ts","12-campus-card-vibe-campus-tempe"
"Shared · Campus selection","Campus card · vibe","12","Campus Choice","City","","","src/lib/sprint4-content.ts","12-campus-card-vibe-campus-downtown"
"Shared · Campus selection","Campus card · vibe","12","Campus Choice","Makers","","","src/lib/sprint4-content.ts","12-campus-card-vibe-campus-polytechnic"
"Shared · Campus selection","Campus card · vibe","12","Campus Choice","Community","","","src/lib/sprint4-content.ts","12-campus-card-vibe-campus-west-valley"
"Shared · Campus selection","Campus card · vibe","12","Campus Choice","Anywhere","","","src/lib/sprint4-content.ts","12-campus-card-vibe-campus-online"
"Shared · Campus selection","Campus card · vibe","12","Campus Choice","Open","","","src/lib/sprint4-content.ts","12-campus-card-vibe-campus-undecided"
"Shared · Campus selection","Scene UI · body","12","Campus Choice","Tap a campus to select it for your path. Explore first if you want — each card links out to campus info, degrees, and visits.","","","src/components/scenes/Scene12CampusChoice.tsx","12-scene-ui-body-default"
"Shared · Campus selection","Scene UI · headline line 1","12","Campus Choice","Where do you","","","src/components/scenes/Scene12CampusChoice.tsx","12-scene-ui-headline-line-1-default"
"Shared · Campus selection","Scene UI · headline line 2","12","Campus Choice","see yourself?","","","src/components/scenes/Scene12CampusChoice.tsx","12-scene-ui-headline-line-2-default"
"Shared · Campus selection","Scene UI · helper","12","Campus Choice","Not ready to choose? Open any link below, then come back and tap your pick.","","","src/components/scenes/Scene12CampusChoice.tsx","12-scene-ui-helper-default"
"Shared · Campus selection","Scene UI · kicker","12","Campus Choice","Almost there","","","src/components/scenes/Scene12CampusChoice.tsx","12-scene-ui-kicker-default"
"Shared · Campus selection","Scene UI · selected badge","12","Campus Choice","Selected ✓","","","src/components/scenes/Scene12CampusChoice.tsx","12-scene-ui-selected-badge-default"
"Shared · Campus selection","Scene UI · status","12","Campus Choice","{campusLabel} selected — scroll to see it come alive","","","src/components/scenes/Scene12CampusChoice.tsx","12-scene-ui-status-default"
"Shared · Place & setting","Immersion · campusLabel","13","Campus Immersion","ASU","","","src/lib/sprint5-content.ts","13-immersion-campuslabel-default"
"Shared · Place & setting","Immersion · detail","13","Campus Immersion","Find the fit that feels like you — Tempe's energy, Downtown's pulse, Polytechnic's makerspaces, West Valley's community.","","","src/lib/sprint5-content.ts","13-immersion-detail-default"
"Shared · Place & setting","Immersion · headline","13","Campus Immersion","Four campuses.","","","src/lib/sprint5-content.ts","13-immersion-headline-default"
"Shared · Place & setting","Immersion · imageAlt","13","Campus Immersion","Arizona State University campus overview","","","src/lib/sprint5-content.ts","13-immersion-imagealt-default"
"Shared · Place & setting","Immersion · imageSrc","13","Campus Immersion","https://images.unsplash.com/photo-1562774053-701939374585?auto=format&fit=crop&w=2400&q=80","","","src/lib/sprint5-content.ts","13-immersion-imagesrc-default"
"Shared · Place & setting","Immersion · subline","13","Campus Immersion","One university.","","","src/lib/sprint5-content.ts","13-immersion-subline-default"
"Shared · Place & setting","Immersion · vibe","13","Campus Immersion","Possibility","","","src/lib/sprint5-content.ts","13-immersion-vibe-default"
"Shared · Place & setting","Scene UI · CTA","13","Campus Immersion","Browse degrees on degrees.asu.edu","","","src/components/scenes/Scene13CampusImmersion.tsx","13-scene-ui-cta-default"
"Shared · Place & setting","Arizona stat 1 · label","14","Arizona","sunny days a year","","","src/lib/sprint5-content.ts","14-arizona-stat-1-label-default"
"Shared · Place & setting","Arizona stat 1 · stat","14","Arizona","300","","","src/lib/sprint5-content.ts","14-arizona-stat-1-stat-default"
"Shared · Place & setting","Arizona stat 1 · sublabel","14","Arizona","Phoenix — draw inspiration from the landscape","","","src/lib/sprint5-content.ts","14-arizona-stat-1-sublabel-default"
"Shared · Place & setting","Arizona stat 2 · label","14","Arizona","to Sedona's red rocks","","","src/lib/sprint5-content.ts","14-arizona-stat-2-label-default"
"Shared · Place & setting","Arizona stat 2 · stat","14","Arizona","90 min","","","src/lib/sprint5-content.ts","14-arizona-stat-2-stat-default"
"Shared · Place & setting","Arizona stat 2 · sublabel","14","Arizona","day trips with friends between classes","","","src/lib/sprint5-content.ts","14-arizona-stat-2-sublabel-default"
"Shared · Place & setting","Arizona stat 3 · label","14","Arizona","to the Grand Canyon","","","src/lib/sprint5-content.ts","14-arizona-stat-3-label-default"
"Shared · Place & setting","Arizona stat 3 · stat","14","Arizona","3.5 hrs","","","src/lib/sprint5-content.ts","14-arizona-stat-3-stat-default"
"Shared · Place & setting","Arizona stat 3 · sublabel","14","Arizona","field research with professors","","","src/lib/sprint5-content.ts","14-arizona-stat-3-sublabel-default"
"Shared · Place & setting","Arizona stat 4 · label","14","Arizona","national parks & monuments","","","src/lib/sprint5-content.ts","14-arizona-stat-4-label-default"
"Shared · Place & setting","Arizona stat 4 · stat","14","Arizona","24","","","src/lib/sprint5-content.ts","14-arizona-stat-4-stat-default"
"Shared · Place & setting","Arizona stat 4 · sublabel","14","Arizona","in Arizona — your backyard laboratory","","","src/lib/sprint5-content.ts","14-arizona-stat-4-sublabel-default"
"Shared · Place & setting","Arizona stat 5 · label","14","Arizona","average temperature","","","src/lib/sprint5-content.ts","14-arizona-stat-5-label-default"
"Shared · Place & setting","Arizona stat 5 · stat","14","Arizona","75°","","","src/lib/sprint5-content.ts","14-arizona-stat-5-stat-default"
"Shared · Place & setting","Arizona stat 5 · sublabel","14","Arizona","Arizona is more than a backdrop — it's part of the experience","","","src/lib/sprint5-content.ts","14-arizona-stat-5-sublabel-default"
"Shared · Place & setting","Scene UI · headline line 1","14","Arizona","Arizona isn't a backdrop.","","","src/components/scenes/Scene14Arizona.tsx","14-scene-ui-headline-line-1-default"
"Shared · Place & setting","Scene UI · headline line 2","14","Arizona","It's part of the story.","","","src/components/scenes/Scene14Arizona.tsx","14-scene-ui-headline-line-2-default"
"Shared · Place & setting","Scene UI · kicker","14","Arizona","The Southwest","","","src/components/scenes/Scene14Arizona.tsx","14-scene-ui-kicker-default"
"Shared · Place & setting","Place 1 · description","15","Unexpected Places","Study wildlife patterns and climate change on a 10-day expedition — polar plunge, glacier hikes, and penguins. Every winter.","","","src/lib/sprint5-content.ts","15-place-1-description-default"
"Shared · Place & setting","Place 1 · href","15","Unexpected Places","https://degrees.asu.edu/bachelors/major/ASU00/LAEESBS/earth-and-environmental-sciences?utm_source=myfuture&utm_medium=web&utm_campaign=place-antarctica-degree","","","src/lib/sprint5-content.ts","15-place-1-href-default"
"Shared · Place & setting","Place 1 · imageAlt","15","Unexpected Places","Antarctica study abroad expedition","","","src/lib/sprint5-content.ts","15-place-1-imagealt-default"
"Shared · Place & setting","Place 1 · imageSrc","15","Unexpected Places","https://images.unsplash.com/photo-1559827260-dc66d52bef19?auto=format&fit=crop&w=1600&q=80","","","src/lib/sprint5-content.ts","15-place-1-imagesrc-default"
"Shared · Place & setting","Place 1 · title","15","Unexpected Places","Antarctica","","","src/lib/sprint5-content.ts","15-place-1-title-default"
"Shared · Place & setting","Place 2 · description","15","Unexpected Places","ASU California Center — steps from the Fashion District and the film industry. Student housing at Broadway Palace.","","","src/lib/sprint5-content.ts","15-place-2-description-default"
"Shared · Place & setting","Place 2 · href","15","Unexpected Places","https://degrees.asu.edu/bachelors/major/ASU00/HIFMPBFA/film-and-media-production?utm_source=myfuture&utm_medium=web&utm_campaign=place-la-degree","","","src/lib/sprint5-content.ts","15-place-2-href-default"
"Shared · Place & setting","Place 2 · imageAlt","15","Unexpected Places","ASU California Center in downtown Los Angeles","","","src/lib/sprint5-content.ts","15-place-2-imagealt-default"
"Shared · Place & setting","Place 2 · imageSrc","15","Unexpected Places","https://images.unsplash.com/photo-1497366216548-37526070297c?auto=format&fit=crop&w=1600&q=80","","","src/lib/sprint5-content.ts","15-place-2-imagesrc-default"
"Shared · Place & setting","Place 2 · title","15","Unexpected Places","Los Angeles","","","src/lib/sprint5-content.ts","15-place-2-title-default"
"Shared · Place & setting","Place 3 · description","15","Unexpected Places","ASU London opens fall 2026 in Islington — computer science, engineering, or business. Earn a U.K. degree in three years.","","","src/lib/sprint5-content.ts","15-place-3-description-default"
"Shared · Place & setting","Place 3 · href","15","Unexpected Places","https://degrees.asu.edu/bachelors/major/ASU00/LAINRBA/international-relations?utm_source=myfuture&utm_medium=web&utm_campaign=place-london-degree","","","src/lib/sprint5-content.ts","15-place-3-href-default"
"Shared · Place & setting","Place 3 · imageAlt","15","Unexpected Places","London cityscape and student life","","","src/lib/sprint5-content.ts","15-place-3-imagealt-default"
"Shared · Place & setting","Place 3 · imageSrc","15","Unexpected Places","https://images.unsplash.com/photo-1513635269975-59663e0ac1ad?auto=format&fit=crop&w=1600&q=80","","","src/lib/sprint5-content.ts","15-place-3-imagesrc-default"
"Shared · Place & setting","Place 3 · title","15","Unexpected Places","London","","","src/lib/sprint5-content.ts","15-place-3-title-default"
"Shared · Place & setting","Place 4 · description","15","Unexpected Places","ASU BIOS — the Bermuda Institute of Ocean Sciences. Scientific analysis of the ocean with hands-on student learning.","","","src/lib/sprint5-content.ts","15-place-4-description-default"
"Shared · Place & setting","Place 4 · href","15","Unexpected Places","https://degrees.asu.edu/bachelors/major/ASU00/LAEESBS/earth-and-environmental-sciences?utm_source=myfuture&utm_medium=web&utm_campaign=place-bermuda-degree","","","src/lib/sprint5-content.ts","15-place-4-href-default"
"Shared · Place & setting","Place 4 · imageAlt","15","Unexpected Places","Ocean sciences research in Bermuda","","","src/lib/sprint5-content.ts","15-place-4-imagealt-default"
"Shared · Place & setting","Place 4 · imageSrc","15","Unexpected Places","https://images.unsplash.com/photo-1559827260-dc66d52bef19?auto=format&fit=crop&w=1600&q=80","","","src/lib/sprint5-content.ts","15-place-4-imagesrc-default"
"Shared · Place & setting","Place 4 · title","15","Unexpected Places","Bermuda","","","src/lib/sprint5-content.ts","15-place-4-title-default"
"Shared · Place & setting","Place 5 · description","15","Unexpected Places","Interact with thought leaders and policymakers. Earn your degree through ASU Local at the Washington Center.","","","src/lib/sprint5-content.ts","15-place-5-description-default"
"Shared · Place & setting","Place 5 · href","15","Unexpected Places","https://degrees.asu.edu/bachelors/major/ASU00/PPPAFBS/public-service-and-public-policy?utm_source=myfuture&utm_medium=web&utm_campaign=place-dc-degree","","","src/lib/sprint5-content.ts","15-place-5-href-default"
"Shared · Place & setting","Place 5 · imageAlt","15","Unexpected Places","ASU presence in Washington D.C.","","","src/lib/sprint5-content.ts","15-place-5-imagealt-default"
"Shared · Place & setting","Place 5 · imageSrc","15","Unexpected Places","https://images.unsplash.com/photo-1529107386315-e1a2ed48a620?auto=format&fit=crop&w=1600&q=80","","","src/lib/sprint5-content.ts","15-place-5-imagesrc-default"
"Shared · Place & setting","Place 5 · title","15","Unexpected Places","Washington, D.C.","","","src/lib/sprint5-content.ts","15-place-5-title-default"
"Shared · Place & setting","Scene UI · headline line 1","15","Unexpected Places","Go to class in","","","src/components/scenes/Scene15UnexpectedPlaces.tsx","15-scene-ui-headline-line-1-default"
"Shared · Place & setting","Scene UI · headline line 2","15","Unexpected Places","unexpected places.","","","src/components/scenes/Scene15UnexpectedPlaces.tsx","15-scene-ui-headline-line-2-default"
"Shared · Place & setting","Scene UI · kicker","15","Unexpected Places","Beyond campus","","","src/components/scenes/Scene15UnexpectedPlaces.tsx","15-scene-ui-kicker-default"
"Shared · Place & setting","Scene UI · subhead","15","Unexpected Places","4,300+ students in global programs each year · 65+ countries","","","src/components/scenes/Scene15UnexpectedPlaces.tsx","15-scene-ui-subhead-default"
"Shared · Visit & picture yourself","Visit CTA · cta","17","Picture Yourself","Schedule a visit","","","src/lib/sprint7-content.ts","17-visit-cta-cta-campus-specific"
"Shared · Visit & picture yourself","Visit CTA · cta","17","Picture Yourself","Explore ASU Online","","","src/lib/sprint7-content.ts","17-visit-cta-cta-online"
"Shared · Visit & picture yourself","Visit CTA · cta","17","Picture Yourself","Explore campuses","","","src/lib/sprint7-content.ts","17-visit-cta-cta-undecided"
"Shared · Visit & picture yourself","Visit CTA · emphasis","17","Picture Yourself","for yourself.","","","src/lib/sprint7-content.ts","17-visit-cta-emphasis-campus-specific"
"Shared · Visit & picture yourself","Visit CTA · emphasis","17","Picture Yourself","ASU Online.","","","src/lib/sprint7-content.ts","17-visit-cta-emphasis-online"
"Shared · Visit & picture yourself","Visit CTA · emphasis","17","Picture Yourself","that fits you.","","","src/lib/sprint7-content.ts","17-visit-cta-emphasis-undecided"
"Shared · Visit & picture yourself","Visit CTA · headline","17","Picture Yourself","See Tempe","","","src/lib/sprint7-content.ts","17-visit-cta-headline-campus-specific"
"Shared · Visit & picture yourself","Visit CTA · headline","17","Picture Yourself","Explore","","","src/lib/sprint7-content.ts","17-visit-cta-headline-online"
"Shared · Visit & picture yourself","Visit CTA · headline","17","Picture Yourself","Find the campus","","","src/lib/sprint7-content.ts","17-visit-cta-headline-undecided"
"Shared · Visit & picture yourself","Visit CTA · preline","17","Picture Yourself","If you're starting to picture yourself here —","","","src/lib/sprint7-content.ts","17-visit-cta-preline-campus-specific"
"Shared · Visit & picture yourself","Visit CTA · preline","17","Picture Yourself","Ready to learn more —","","","src/lib/sprint7-content.ts","17-visit-cta-preline-online"
"Shared · Visit & picture yourself","Visit CTA · preline","17","Picture Yourself","If you're starting to picture yourself here —","","","src/lib/sprint7-content.ts","17-visit-cta-preline-undecided"
"Shared · Visit & picture yourself","Visit CTA · subline","17","Picture Yourself","Join an Experience ASU tour. A current Sun Devil shows you around, shares their story, and answers your questions.","","","src/lib/sprint7-content.ts","17-visit-cta-subline-campus-specific"
"Shared · Visit & picture yourself","Visit CTA · subline","17","Picture Yourself","Same faculty. Same degree. Connect with an enrollment coach and see if online is right for you.","","","src/lib/sprint7-content.ts","17-visit-cta-subline-online"
"Shared · Visit & picture yourself","Visit CTA · subline","17","Picture Yourself","Take a virtual tour of Tempe, Downtown Phoenix, Polytechnic, or West Valley — then visit in person.","","","src/lib/sprint7-content.ts","17-visit-cta-subline-undecided"
"Shared · Closing & next steps","Scene UI · card label","16","Future Snapshot","{year} · Future Snapshot","","","src/components/scenes/Scene16FutureSnapshot.tsx","16-scene-ui-card-label-default"
"Shared · Closing & next steps","Scene UI · card section","16","Future Snapshot","On your radar","","","src/components/scenes/Scene16FutureSnapshot.tsx","16-scene-ui-card-section-default"
"Shared · Closing & next steps","Scene UI · card tag","16","Future Snapshot","#FutureSunDevil","","","src/components/scenes/Scene16FutureSnapshot.tsx","16-scene-ui-card-tag-default"
"Shared · Closing & next steps","Scene UI · copy success","16","Future Snapshot","Copied to clipboard ✓","","","src/components/scenes/Scene16FutureSnapshot.tsx","16-scene-ui-copy-success-default"
"Shared · Closing & next steps","Scene UI · headline (default)","16","Future Snapshot","Keep exploring","","","src/components/scenes/Scene16FutureSnapshot.tsx","16-scene-ui-headline-default-default"
"Shared · Closing & next steps","Scene UI · headline (personalized)","16","Future Snapshot","Your Future Snapshot","","","src/components/scenes/Scene16FutureSnapshot.tsx","16-scene-ui-headline-personalized-default"
"Shared · Closing & next steps","Scene UI · helper","16","Future Snapshot","Make your choices above to unlock your full snapshot","","","src/components/scenes/Scene16FutureSnapshot.tsx","16-scene-ui-helper-default"
"Shared · Closing & next steps","Scene UI · kicker (default)","16","Future Snapshot","Your snapshot","","","src/components/scenes/Scene16FutureSnapshot.tsx","16-scene-ui-kicker-default-default"
"Shared · Closing & next steps","Scene UI · kicker (personalized)","16","Future Snapshot","This is your path","","","src/components/scenes/Scene16FutureSnapshot.tsx","16-scene-ui-kicker-personalized-default"
"Shared · Closing & next steps","Scene UI · share CTA","16","Future Snapshot","Share my snapshot","","","src/components/scenes/Scene16FutureSnapshot.tsx","16-scene-ui-share-cta-default"
"Shared · Closing & next steps","Scene UI · share error","16","Future Snapshot","Could not share — try again","","","src/components/scenes/Scene16FutureSnapshot.tsx","16-scene-ui-share-error-default"
"Shared · Closing & next steps","Scene UI · share helper","16","Future Snapshot","Send it to a friend, a parent, or save it for later","","","src/components/scenes/Scene16FutureSnapshot.tsx","16-scene-ui-share-helper-default"
"Shared · Closing & next steps","Scene UI · share success","16","Future Snapshot","Shared ✓","","","src/components/scenes/Scene16FutureSnapshot.tsx","16-scene-ui-share-success-default"
"Shared · Closing & next steps","Scene UI · headline line 1","18","Next Step","The door is open.","","","src/components/scenes/Scene18NextStep.tsx","18-scene-ui-headline-line-1-default"
"Shared · Closing & next steps","Scene UI · headline line 2","18","Next Step","No pressure. Just possibility.","","","src/components/scenes/Scene18NextStep.tsx","18-scene-ui-headline-line-2-default"
"Shared · Closing & next steps","Scene UI · kicker","18","Next Step","When you're ready","","","src/components/scenes/Scene18NextStep.tsx","18-scene-ui-kicker-default"
"Shared · Closing & next steps","Scene UI · tile CTA","18","Next Step","Explore →","","","src/components/scenes/Scene18NextStep.tsx","18-scene-ui-tile-cta-default"
"Shared · Closing & next steps","Scene UI · primary CTA","19","Sendoff","Apply to ASU","","","src/components/scenes/Scene19Sendoff.tsx","19-scene-ui-primary-cta-default"
"Shared · Closing & next steps","Scene UI · secondary CTA","19","Sendoff","Start over","","","src/components/scenes/Scene19Sendoff.tsx","19-scene-ui-secondary-cta-default"
"Shared · Closing & next steps","Sendoff · emphasis","19","Sendoff","Sun Devils.","","","src/lib/sprint7-content.ts","19-sendoff-emphasis-default"
"Shared · Closing & next steps","Sendoff · headline","19","Sendoff","Thank you,","","","src/lib/sprint7-content.ts","19-sendoff-headline-default"
"Shared · Closing & next steps","Sendoff · subline","19","Sendoff","Every student photo in our viewbook features real ASU students in real experiences. Your story is next.","","","src/lib/sprint7-content.ts","19-sendoff-subline-default"
"Shared · Closing & next steps","Sendoff · tag","19","Sendoff","#FutureSunDevil","","","src/lib/sprint7-content.ts","19-sendoff-tag-default"
"Path · Build things","Mirror · emphasis","4","Personalized Mirror","build.","","","src/lib/personalization.ts","4-mirror-emphasis-interest-build"
"Path · Build things","Mirror · headline","4","Personalized Mirror","the pull to","","","src/lib/personalization.ts","4-mirror-headline-interest-build"
"Path · Build things","Mirror · imageAlt","4","Personalized Mirror","Developer working on a laptop in a modern workspace","","","src/lib/personalization.ts","4-mirror-imagealt-interest-build"
"Path · Build things","Mirror · imageSrc","4","Personalized Mirror","https://images.unsplash.com/photo-1517694712202-14dd9538aa97?auto=format&fit=crop&w=2400&q=80","","","src/lib/personalization.ts","4-mirror-imagesrc-interest-build"
"Path · Build things","Mirror · preline","4","Personalized Mirror","You feel it —","","","src/lib/personalization.ts","4-mirror-preline-interest-build"
"Path · Build things","Mirror · subline","4","Personalized Mirror","Code, prototype, ship. At ASU, makers don't wait for permission.","","","src/lib/personalization.ts","4-mirror-subline-interest-build"
"Path · Build things","Path 1 · description","5","Path Reveal","Makerspaces, hackathons, and labs where ideas become working products in days.","","","src/lib/personalization.ts","5-path-1-description-interest-build"
"Path · Build things","Path 1 · imageAlt","5","Path Reveal","Engineering student building a prototype","","","src/lib/personalization.ts","5-path-1-imagealt-interest-build"
"Path · Build things","Path 1 · imageSrc","5","Path Reveal","https://images.unsplash.com/photo-1581091226825-a6a2a5aee158?auto=format&fit=crop&w=1600&q=80","","","src/lib/personalization.ts","5-path-1-imagesrc-interest-build"
"Path · Build things","Path 1 · title","5","Path Reveal","Prototype fast","","","src/lib/personalization.ts","5-path-1-title-interest-build"
"Path · Build things","Path 2 · description","5","Path Reveal","Pitch to investors, join venture programs, and take your startup from sketch to stage.","","","src/lib/personalization.ts","5-path-2-description-interest-build"
"Path · Build things","Path 2 · imageAlt","5","Path Reveal","Entrepreneur presenting to an audience","","","src/lib/personalization.ts","5-path-2-imagealt-interest-build"
"Path · Build things","Path 2 · imageSrc","5","Path Reveal","https://images.unsplash.com/photo-1559136555-9303baea8ebd?auto=format&fit=crop&w=1600&q=80","","","src/lib/personalization.ts","5-path-2-imagesrc-interest-build"
"Path · Build things","Path 2 · title","5","Path Reveal","Launch at Demo Day","","","src/lib/personalization.ts","5-path-2-title-interest-build"
"Path · Build things","Path 3 · description","5","Path Reveal","Intern at Fortune 500s and startups alike — Phoenix is one of America's fastest-growing tech hubs.","","","src/lib/personalization.ts","5-path-3-description-interest-build"
"Path · Build things","Path 3 · imageAlt","5","Path Reveal","Modern tech office workspace","","","src/lib/personalization.ts","5-path-3-imagealt-interest-build"
"Path · Build things","Path 3 · imageSrc","5","Path Reveal","https://images.unsplash.com/photo-1497366216548-37526070297c?auto=format&fit=crop&w=1600&q=80","","","src/lib/personalization.ts","5-path-3-imagesrc-interest-build"
"Path · Build things","Path 3 · title","5","Path Reveal","Build with industry","","","src/lib/personalization.ts","5-path-3-title-interest-build"
"Path · Build things","Momentum · headline","6","Momentum","Your ideas deserve","","","src/lib/personalization.ts","6-momentum-headline-interest-build"
"Path · Build things","Momentum · imageAlt","6","Momentum","Students collaborating on a tech project","","","src/lib/personalization.ts","6-momentum-imagealt-interest-build"
"Path · Build things","Momentum · imageSrc","6","Momentum","https://images.unsplash.com/photo-1531482615713-2afd69097998?auto=format&fit=crop&w=2400&q=80","","","src/lib/personalization.ts","6-momentum-imagesrc-interest-build"
"Path · Build things","Momentum · stat","6","Momentum","#1","","","src/lib/personalization.ts","6-momentum-stat-interest-build"
"Path · Build things","Momentum · statLabel","6","Momentum","in innovation among public universities","","","src/lib/personalization.ts","6-momentum-statlabel-interest-build"
"Path · Build things","Momentum · subline","6","Momentum","a place that builds with you.","","","src/lib/personalization.ts","6-momentum-subline-interest-build"
"Path · Build things","Student voice · context","7","Student Voice","Senior research assistant · NeoBio & Dreamscape Learn","","","src/lib/sprint3-content.ts (build)","7-student-voice-context-interest-build"
"Path · Build things","Student voice · imageAlt","7","Student Voice","Students collaborating on a technology project","","","src/lib/sprint3-content.ts (build)","7-student-voice-imagealt-interest-build"
"Path · Build things","Student voice · imageSrc","7","Student Voice","https://images.unsplash.com/photo-1531482615713-2afd69097998?auto=format&fit=crop&w=2400&q=80","","","src/lib/sprint3-content.ts (build)","7-student-voice-imagesrc-interest-build"
"Path · Build things","Student voice · name","7","Student Voice","Alysha H.","","","src/lib/sprint3-content.ts (build)","7-student-voice-name-interest-build"
"Path · Build things","Student voice · quote","7","Student Voice","You're not just learning the material — you're part of the material, part of the story, part of the exploration.","","","src/lib/sprint3-content.ts (build)","7-student-voice-quote-interest-build"
"Path · Build things","Stat beat 1 · label","8","Stat Beats","in innovation","","","src/lib/sprint3-content.ts (build)","8-stat-beat-1-label-interest-build"
"Path · Build things","Stat beat 1 · stat","8","Stat Beats","#1","","","src/lib/sprint3-content.ts (build)","8-stat-beat-1-stat-interest-build"
"Path · Build things","Stat beat 1 · sublabel","8","Stat Beats","U.S. News — 10 consecutive years","","","src/lib/sprint3-content.ts (build)","8-stat-beat-1-sublabel-interest-build"
"Path · Build things","Stat beat 2 · label","8","Stat Beats","grade improvement","","","src/lib/sprint3-content.ts (build)","8-stat-beat-2-label-interest-build"
"Path · Build things","Stat beat 2 · stat","8","Stat Beats","Full letter","","","src/lib/sprint3-content.ts (build)","8-stat-beat-2-stat-interest-build"
"Path · Build things","Stat beat 2 · sublabel","8","Stat Beats","Dreamscape Learn VR biology lab","","","src/lib/sprint3-content.ts (build)","8-stat-beat-2-sublabel-interest-build"
"Path · Build things","Stat beat 3 · label","8","Stat Beats","students in Venture Devils","","","src/lib/sprint3-content.ts (build)","8-stat-beat-3-label-interest-build"
"Path · Build things","Stat beat 3 · stat","8","Stat Beats","1,000+","","","src/lib/sprint3-content.ts (build)","8-stat-beat-3-stat-interest-build"
"Path · Build things","Stat beat 3 · sublabel","8","Stat Beats","ASU's startup incubator","","","src/lib/sprint3-content.ts (build)","8-stat-beat-3-sublabel-interest-build"
"Path · Build things","Experience 1 · description","9","Real Experiences","A student-driven research and development lab where undergrads lead projects that become real products — and real companies.","","","src/lib/sprint3-content.ts (build)","9-experience-1-description-interest-build"
"Path · Build things","Experience 1 · headline","9","Real Experiences","Build what doesn't exist yet.","","","src/lib/sprint3-content.ts (build)","9-experience-1-headline-interest-build"
"Path · Build things","Experience 1 · imageAlt","9","Real Experiences","Students building technology in a lab","","","src/lib/sprint3-content.ts (build)","9-experience-1-imagealt-interest-build"
"Path · Build things","Experience 1 · imageSrc","9","Real Experiences","https://images.unsplash.com/photo-1517694712202-14dd9538aa97?auto=format&fit=crop&w=1600&q=80","","","src/lib/sprint3-content.ts (build)","9-experience-1-imagesrc-interest-build"
"Path · Build things","Experience 1 · program","9","Real Experiences","Luminosity Lab","","","src/lib/sprint3-content.ts (build)","9-experience-1-program-interest-build"
"Path · Build things","Experience 2 · description","9","Real Experiences","Immersive VR labs that shift how biology is taught — powerful technology and gripping narrative combined.","","","src/lib/sprint3-content.ts (build)","9-experience-2-description-interest-build"
"Path · Build things","Experience 2 · headline","9","Real Experiences","Learn inside the story.","","","src/lib/sprint3-content.ts (build)","9-experience-2-headline-interest-build"
"Path · Build things","Experience 2 · imageAlt","9","Real Experiences","Virtual reality learning experience","","","src/lib/sprint3-content.ts (build)","9-experience-2-imagealt-interest-build"
"Path · Build things","Experience 2 · imageSrc","9","Real Experiences","https://images.unsplash.com/photo-1592478411213-76181894ffd2?auto=format&fit=crop&w=1600&q=80","","","src/lib/sprint3-content.ts (build)","9-experience-2-imagesrc-interest-build"
"Path · Build things","Experience 2 · program","9","Real Experiences","Dreamscape Learn","","","src/lib/sprint3-content.ts (build)","9-experience-2-program-interest-build"
"Path · Build things","Experience 3 · description","9","Real Experiences","Learn alongside professors shaping their fields — undergraduate research isn't reserved for grad students here.","","","src/lib/sprint3-content.ts (build)","9-experience-3-description-interest-build"
"Path · Build things","Experience 3 · headline","9","Real Experiences","From day one, in the lab.","","","src/lib/sprint3-content.ts (build)","9-experience-3-headline-interest-build"
"Path · Build things","Experience 3 · imageAlt","9","Real Experiences","Engineering students in a makerspace","","","src/lib/sprint3-content.ts (build)","9-experience-3-imagealt-interest-build"
"Path · Build things","Experience 3 · imageSrc","9","Real Experiences","https://images.unsplash.com/photo-1581091226825-a6a2a5aee158?auto=format&fit=crop&w=1600&q=80","","","src/lib/sprint3-content.ts (build)","9-experience-3-imagesrc-interest-build"
"Path · Build things","Experience 3 · program","9","Real Experiences","Fulton Schools of Engineering","","","src/lib/sprint3-content.ts (build)","9-experience-3-program-interest-build"
"Path · Build things","Belonging · chapter","10","You Belong","03.","","","src/lib/sprint3-content.ts (build)","10-belonging-chapter-interest-build"
"Path · Build things","Belonging · emphasis","10","You Belong","you ship.","","","src/lib/sprint3-content.ts (build)","10-belonging-emphasis-interest-build"
"Path · Build things","Belonging · headline","10","You Belong","this is where","","","src/lib/sprint3-content.ts (build)","10-belonging-headline-interest-build"
"Path · Build things","Belonging · imageAlt","10","You Belong","Students collaborating on innovation","","","src/lib/sprint3-content.ts (build)","10-belonging-imagealt-interest-build"
"Path · Build things","Belonging · imageSrc","10","You Belong","https://images.unsplash.com/photo-1531482615713-2afd69097998?auto=format&fit=crop&w=2400&q=80","","","src/lib/sprint3-content.ts (build)","10-belonging-imagesrc-interest-build"
"Path · Build things","Belonging · preline","10","You Belong","Builders like you —","","","src/lib/sprint3-content.ts (build)","10-belonging-preline-interest-build"
"Path · Build things","Belonging · subline","10","You Belong","140,000+ Sun Devils. One university that doesn't wait for permission.","","","src/lib/sprint3-content.ts (build)","10-belonging-subline-interest-build"
"Path · Build things","Snapshot theme headline · emphasis","16","Future Snapshot","innovators.","","","src/lib/snapshot.ts","16-snapshot-theme-headline-emphasis-interest-build"
"Path · Build things","Snapshot theme headline · headline","16","Future Snapshot","Built for","","","src/lib/snapshot.ts","16-snapshot-theme-headline-headline-interest-build"
"Path · Help people","Mirror · emphasis","4","Personalized Mirror","help.","","","src/lib/personalization.ts","4-mirror-emphasis-interest-help"
"Path · Help people","Mirror · headline","4","Personalized Mirror","the pull to","","","src/lib/personalization.ts","4-mirror-headline-interest-help"
"Path · Help people","Mirror · imageAlt","4","Personalized Mirror","Healthcare professional caring for a patient","","","src/lib/personalization.ts","4-mirror-imagealt-interest-help"
"Path · Help people","Mirror · imageSrc","4","Personalized Mirror","https://images.unsplash.com/photo-1576091160399-112ba8d25d1d?auto=format&fit=crop&w=2400&q=80","","","src/lib/personalization.ts","4-mirror-imagesrc-interest-help"
"Path · Help people","Mirror · preline","4","Personalized Mirror","You feel it —","","","src/lib/personalization.ts","4-mirror-preline-interest-help"
"Path · Help people","Mirror · subline","4","Personalized Mirror","Heal, advocate, uplift. The world needs people who show up for others.","","","src/lib/personalization.ts","4-mirror-subline-interest-help"
"Path · Help people","Path 1 · description","5","Path Reveal","Nursing, social work, public health — programs that put compassion into practice.","","","src/lib/personalization.ts","5-path-1-description-interest-help"
"Path · Help people","Path 1 · imageAlt","5","Path Reveal","Medical students in a clinical setting","","","src/lib/personalization.ts","5-path-1-imagealt-interest-help"
"Path · Help people","Path 1 · imageSrc","5","Path Reveal","https://images.unsplash.com/photo-1579684385127-1ef15d508118?auto=format&fit=crop&w=1600&q=80","","","src/lib/personalization.ts","5-path-1-imagesrc-interest-help"
"Path · Help people","Path 1 · title","5","Path Reveal","Heal communities","","","src/lib/personalization.ts","5-path-1-title-interest-help"
"Path · Help people","Path 2 · description","5","Path Reveal","Policy, advocacy, and community orgs where your voice moves the needle.","","","src/lib/personalization.ts","5-path-2-description-interest-help"
"Path · Help people","Path 2 · imageAlt","5","Path Reveal","Diverse group of advocates together","","","src/lib/personalization.ts","5-path-2-imagealt-interest-help"
"Path · Help people","Path 2 · imageSrc","5","Path Reveal","https://images.unsplash.com/photo-1529156069898-49953e39b3ac?auto=format&fit=crop&w=1600&q=80","","","src/lib/personalization.ts","5-path-2-imagesrc-interest-help"
"Path · Help people","Path 2 · title","5","Path Reveal","Lead change","","","src/lib/personalization.ts","5-path-2-title-interest-help"
"Path · Help people","Path 3 · description","5","Path Reveal","Global health initiatives and cross-cultural programs that expand who you can reach.","","","src/lib/personalization.ts","5-path-3-description-interest-help"
"Path · Help people","Path 3 · imageAlt","5","Path Reveal","Students on a global service trip","","","src/lib/personalization.ts","5-path-3-imagealt-interest-help"
"Path · Help people","Path 3 · imageSrc","5","Path Reveal","https://images.unsplash.com/photo-1488523789244-0d3859664576?auto=format&fit=crop&w=1600&q=80","","","src/lib/personalization.ts","5-path-3-imagesrc-interest-help"
"Path · Help people","Path 3 · title","5","Path Reveal","Connect across cultures","","","src/lib/personalization.ts","5-path-3-title-interest-help"
"Path · Help people","Momentum · headline","6","Momentum","Caring at scale","","","src/lib/personalization.ts","6-momentum-headline-interest-help"
"Path · Help people","Momentum · imageAlt","6","Momentum","Healthcare workers in a hospital setting","","","src/lib/personalization.ts","6-momentum-imagealt-interest-help"
"Path · Help people","Momentum · imageSrc","6","Momentum","https://images.unsplash.com/photo-1559757148-5c350d0d3c56?auto=format&fit=crop&w=2400&q=80","","","src/lib/personalization.ts","6-momentum-imagesrc-interest-help"
"Path · Help people","Momentum · stat","6","Momentum","Top 10","","","src/lib/personalization.ts","6-momentum-stat-interest-help"
"Path · Help people","Momentum · statLabel","6","Momentum","nursing program in the nation","","","src/lib/personalization.ts","6-momentum-statlabel-interest-help"
"Path · Help people","Momentum · subline","6","Momentum","starts with one person who gives a damn.","","","src/lib/personalization.ts","6-momentum-subline-interest-help"
"Path · Help people","Student voice · context","7","Student Voice","Biomedical science · Pre-PA, Hospice of the Valley intern","","","src/lib/sprint3-content.ts (help)","7-student-voice-context-interest-help"
"Path · Help people","Student voice · imageAlt","7","Student Voice","Healthcare student in clinical setting","","","src/lib/sprint3-content.ts (help)","7-student-voice-imagealt-interest-help"
"Path · Help people","Student voice · imageSrc","7","Student Voice","https://images.unsplash.com/photo-1579684385127-1ef15d508118?auto=format&fit=crop&w=2400&q=80","","","src/lib/sprint3-content.ts (help)","7-student-voice-imagesrc-interest-help"
"Path · Help people","Student voice · name","7","Student Voice","Olivia B.","","","src/lib/sprint3-content.ts (help)","7-student-voice-name-interest-help"
"Path · Help people","Student voice · quote","7","Student Voice","I loved ASU because of all the different opportunities and all the amazing people I met and formed connections with.","","","src/lib/sprint3-content.ts (help)","7-student-voice-quote-interest-help"
"Path · Help people","Stat beat 1 · label","8","Stat Beats","nursing program","","","src/lib/sprint3-content.ts (help)","8-stat-beat-1-label-interest-help"
"Path · Help people","Stat beat 1 · stat","8","Stat Beats","Top 10","","","src/lib/sprint3-content.ts (help)","8-stat-beat-1-stat-interest-help"
"Path · Help people","Stat beat 1 · sublabel","8","Stat Beats","in the nation","","","src/lib/sprint3-content.ts (help)","8-stat-beat-1-sublabel-interest-help"
"Path · Help people","Stat beat 2 · label","8","Stat Beats","counseling services","","","src/lib/sprint3-content.ts (help)","8-stat-beat-2-label-interest-help"
"Path · Help people","Stat beat 2 · stat","8","Stat Beats","24/7/365","","","src/lib/sprint3-content.ts (help)","8-stat-beat-2-stat-interest-help"
"Path · Help people","Stat beat 2 · sublabel","8","Stat Beats","free, unlimited — wherever you are","","","src/lib/sprint3-content.ts (help)","8-stat-beat-2-sublabel-interest-help"
"Path · Help people","Stat beat 3 · label","8","Stat Beats","Barrett retention rate","","","src/lib/sprint3-content.ts (help)","8-stat-beat-3-label-interest-help"
"Path · Help people","Stat beat 3 · stat","8","Stat Beats","95%","","","src/lib/sprint3-content.ts (help)","8-stat-beat-3-stat-interest-help"
"Path · Help people","Stat beat 3 · sublabel","8","Stat Beats","students who find community, stay","","","src/lib/sprint3-content.ts (help)","8-stat-beat-3-sublabel-interest-help"
"Path · Help people","Experience 1 · description","9","Real Experiences","Nursing, public health, social work — programs that put compassion into practice from your first semester.","","","src/lib/sprint3-content.ts (help)","9-experience-1-description-interest-help"
"Path · Help people","Experience 1 · headline","9","Real Experiences","Heal. Advocate. Show up.","","","src/lib/sprint3-content.ts (help)","9-experience-1-headline-interest-help"
"Path · Help people","Experience 1 · imageAlt","9","Real Experiences","Healthcare professionals caring for patients","","","src/lib/sprint3-content.ts (help)","9-experience-1-imagealt-interest-help"
"Path · Help people","Experience 1 · imageSrc","9","Real Experiences","https://images.unsplash.com/photo-1576091160399-112ba8d25d1d?auto=format&fit=crop&w=1600&q=80","","","src/lib/sprint3-content.ts (help)","9-experience-1-imagesrc-interest-help"
"Path · Help people","Experience 1 · program","9","Real Experiences","College of Health Solutions","","","src/lib/sprint3-content.ts (help)","9-experience-1-program-interest-help"
"Path · Help people","Experience 2 · description","9","Real Experiences","ASU's character-based leadership academy — students go on to elected office, nonprofits, and community impact.","","","src/lib/sprint3-content.ts (help)","9-experience-2-description-interest-help"
"Path · Help people","Experience 2 · headline","9","Real Experiences","Lead through service.","","","src/lib/sprint3-content.ts (help)","9-experience-2-headline-interest-help"
"Path · Help people","Experience 2 · imageAlt","9","Real Experiences","Students engaged in community service","","","src/lib/sprint3-content.ts (help)","9-experience-2-imagealt-interest-help"
"Path · Help people","Experience 2 · imageSrc","9","Real Experiences","https://images.unsplash.com/photo-1529156069898-49953e39b3ac?auto=format&fit=crop&w=1600&q=80","","","src/lib/sprint3-content.ts (help)","9-experience-2-imagesrc-interest-help"
"Path · Help people","Experience 2 · program","9","Real Experiences","Next Generation Service Corps","","","src/lib/sprint3-content.ts (help)","9-experience-2-program-interest-help"
"Path · Help people","Experience 3 · description","9","Real Experiences","First-year program connecting you with leading scientists, up to $5,000 in funding, and mentorship with purpose.","","","src/lib/sprint3-content.ts (help)","9-experience-3-description-interest-help"
"Path · Help people","Experience 3 · headline","9","Real Experiences","Design solutions for people and planet.","","","src/lib/sprint3-content.ts (help)","9-experience-3-headline-interest-help"
"Path · Help people","Experience 3 · imageAlt","9","Real Experiences","Students on a global impact project","","","src/lib/sprint3-content.ts (help)","9-experience-3-imagealt-interest-help"
"Path · Help people","Experience 3 · imageSrc","9","Real Experiences","https://images.unsplash.com/photo-1488523789244-0d3859664576?auto=format&fit=crop&w=1600&q=80","","","src/lib/sprint3-content.ts (help)","9-experience-3-imagesrc-interest-help"
"Path · Help people","Experience 3 · program","9","Real Experiences","Global Futures Impact Scholars","","","src/lib/sprint3-content.ts (help)","9-experience-3-program-interest-help"
"Path · Help people","Belonging · chapter","10","You Belong","03.","","","src/lib/sprint3-content.ts (help)","10-belonging-chapter-interest-help"
"Path · Help people","Belonging · emphasis","10","You Belong","people here.","","","src/lib/sprint3-content.ts (help)","10-belonging-emphasis-interest-help"
"Path · Help people","Belonging · headline","10","You Belong","find their","","","src/lib/sprint3-content.ts (help)","10-belonging-headline-interest-help"
"Path · Help people","Belonging · imageAlt","10","You Belong","Healthcare community at work","","","src/lib/sprint3-content.ts (help)","10-belonging-imagealt-interest-help"
"Path · Help people","Belonging · imageSrc","10","You Belong","https://images.unsplash.com/photo-1559757148-5c350d0d3c56?auto=format&fit=crop&w=2400&q=80","","","src/lib/sprint3-content.ts (help)","10-belonging-imagesrc-interest-help"
"Path · Help people","Belonging · preline","10","You Belong","People who show up for others —","","","src/lib/sprint3-content.ts (help)","10-belonging-preline-interest-help"
"Path · Help people","Belonging · subline","10","You Belong","A community of 140,000+ who believe caring is action.","","","src/lib/sprint3-content.ts (help)","10-belonging-subline-interest-help"
"Path · Help people","Snapshot theme headline · emphasis","16","Future Snapshot","helpers.","","","src/lib/snapshot.ts","16-snapshot-theme-headline-emphasis-interest-help"
"Path · Help people","Snapshot theme headline · headline","16","Future Snapshot","Made for","","","src/lib/snapshot.ts","16-snapshot-theme-headline-headline-interest-help"
"Path · Create","Mirror · emphasis","4","Personalized Mirror","create.","","","src/lib/personalization.ts","4-mirror-emphasis-interest-create"
"Path · Create","Mirror · headline","4","Personalized Mirror","the pull to","","","src/lib/personalization.ts","4-mirror-headline-interest-create"
"Path · Create","Mirror · imageAlt","4","Personalized Mirror","Artist working on a vibrant canvas","","","src/lib/personalization.ts","4-mirror-imagealt-interest-create"
"Path · Create","Mirror · imageSrc","4","Personalized Mirror","https://images.unsplash.com/photo-1460661419201-fd4cecdf8a8b?auto=format&fit=crop&w=2400&q=80","","","src/lib/personalization.ts","4-mirror-imagesrc-interest-create"
"Path · Create","Mirror · preline","4","Personalized Mirror","You feel it —","","","src/lib/personalization.ts","4-mirror-preline-interest-create"
"Path · Create","Mirror · subline","4","Personalized Mirror","Design, film, perform, shape. Expression isn't extra here — it's essential.","","","src/lib/personalization.ts","4-mirror-subline-interest-create"
"Path · Create","Path 1 · description","5","Path Reveal","Herberger programs in design, film, music, and theatre — create in world-class facilities.","","","src/lib/personalization.ts","5-path-1-description-interest-create"
"Path · Create","Path 1 · imageAlt","5","Path Reveal","Concert lights and creative performance","","","src/lib/personalization.ts","5-path-1-imagealt-interest-create"
"Path · Create","Path 1 · imageSrc","5","Path Reveal","https://images.unsplash.com/photo-1514525253161-7a46d19cd819?auto=format&fit=crop&w=1600&q=80","","","src/lib/personalization.ts","5-path-1-imagesrc-interest-create"
"Path · Create","Path 1 · title","5","Path Reveal","Studio to stage","","","src/lib/personalization.ts","5-path-1-title-interest-create"
"Path · Create","Path 2 · description","5","Path Reveal","Client projects, gallery shows, and film festivals — your work goes public early.","","","src/lib/personalization.ts","5-path-2-description-interest-create"
"Path · Create","Path 2 · imageAlt","5","Path Reveal","Art gallery exhibition opening","","","src/lib/personalization.ts","5-path-2-imagealt-interest-create"
"Path · Create","Path 2 · imageSrc","5","Path Reveal","https://images.unsplash.com/photo-1499781350541-7783f3095d63?auto=format&fit=crop&w=1600&q=80","","","src/lib/personalization.ts","5-path-2-imagesrc-interest-create"
"Path · Create","Path 2 · title","5","Path Reveal","Portfolio before diploma","","","src/lib/personalization.ts","5-path-2-title-interest-create"
"Path · Create","Path 3 · description","5","Path Reveal","XR labs, digital media, and design-meets-engineering studios at the fusion of art and innovation.","","","src/lib/personalization.ts","5-path-3-description-interest-create"
"Path · Create","Path 3 · imageAlt","5","Path Reveal","Digital art and creative technology","","","src/lib/personalization.ts","5-path-3-imagealt-interest-create"
"Path · Create","Path 3 · imageSrc","5","Path Reveal","https://images.unsplash.com/photo-1618005182384-a83a8bd57fbe?auto=format&fit=crop&w=1600&q=80","","","src/lib/personalization.ts","5-path-3-imagesrc-interest-create"
"Path · Create","Path 3 · title","5","Path Reveal","Collide with tech","","","src/lib/personalization.ts","5-path-3-title-interest-create"
"Path · Create","Momentum · headline","6","Momentum","Your voice","","","src/lib/personalization.ts","6-momentum-headline-interest-create"
"Path · Create","Momentum · imageAlt","6","Momentum","Creative performance on stage","","","src/lib/personalization.ts","6-momentum-imagealt-interest-create"
"Path · Create","Momentum · imageSrc","6","Momentum","https://images.unsplash.com/photo-1501281668745-f7f57925c3b4?auto=format&fit=crop&w=2400&q=80","","","src/lib/personalization.ts","6-momentum-imagesrc-interest-create"
"Path · Create","Momentum · stat","6","Momentum","7","","","src/lib/personalization.ts","6-momentum-stat-interest-create"
"Path · Create","Momentum · statLabel","6","Momentum","arts and design programs ranked top 20 in the U.S.","","","src/lib/personalization.ts","6-momentum-statlabel-interest-create"
"Path · Create","Momentum · subline","6","Momentum","deserves a stage, not a syllabus.","","","src/lib/personalization.ts","6-momentum-subline-interest-create"
"Path · Create","Student voice · context","7","Student Voice","Sports reporter & anchor · 12 News, Phoenix","","","src/lib/sprint3-content.ts (create)","7-student-voice-context-interest-create"
"Path · Create","Student voice · imageAlt","7","Student Voice","Creative professional on stage","","","src/lib/sprint3-content.ts (create)","7-student-voice-imagealt-interest-create"
"Path · Create","Student voice · imageSrc","7","Student Voice","https://images.unsplash.com/photo-1501281668745-f7f57925c3b4?auto=format&fit=crop&w=2400&q=80","","","src/lib/sprint3-content.ts (create)","7-student-voice-imagesrc-interest-create"
"Path · Create","Student voice · name","7","Student Voice","Lina W.","","","src/lib/sprint3-content.ts (create)","7-student-voice-name-interest-create"
"Path · Create","Student voice · quote","7","Student Voice","I'm doing exactly what I envisioned when I was a student in the Cronkite School.","","","src/lib/sprint3-content.ts (create)","7-student-voice-quote-interest-create"
"Path · Create","Stat beat 1 · label","8","Stat Beats","arts and design programs","","","src/lib/sprint3-content.ts (create)","8-stat-beat-1-label-interest-create"
"Path · Create","Stat beat 1 · stat","8","Stat Beats","7","","","src/lib/sprint3-content.ts (create)","8-stat-beat-1-stat-interest-create"
"Path · Create","Stat beat 1 · sublabel","8","Stat Beats","ranked top 20 in the U.S.","","","src/lib/sprint3-content.ts (create)","8-stat-beat-1-sublabel-interest-create"
"Path · Create","Stat beat 2 · label","8","Stat Beats","arts and design","","","src/lib/sprint3-content.ts (create)","8-stat-beat-2-label-interest-create"
"Path · Create","Stat beat 2 · stat","8","Stat Beats","600+","","","src/lib/sprint3-content.ts (create)","8-stat-beat-2-stat-interest-create"
"Path · Create","Stat beat 2 · sublabel","8","Stat Beats","faculty members","","","src/lib/sprint3-content.ts (create)","8-stat-beat-2-sublabel-interest-create"
"Path · Create","Stat beat 3 · label","8","Stat Beats","arts and design","","","src/lib/sprint3-content.ts (create)","8-stat-beat-3-label-interest-create"
"Path · Create","Stat beat 3 · stat","8","Stat Beats","35","","","src/lib/sprint3-content.ts (create)","8-stat-beat-3-stat-interest-create"
"Path · Create","Stat beat 3 · sublabel","8","Stat Beats","student clubs","","","src/lib/sprint3-content.ts (create)","8-stat-beat-3-sublabel-interest-create"
"Path · Create","Stat beat 4 · label","8","Stat Beats","alumni connections in","","","src/lib/sprint3-content.ts (create)","8-stat-beat-4-label-interest-create"
"Path · Create","Stat beat 4 · stat","8","Stat Beats","38,000+","","","src/lib/sprint3-content.ts (create)","8-stat-beat-4-stat-interest-create"
"Path · Create","Stat beat 4 · sublabel","8","Stat Beats","the arts and design","","","src/lib/sprint3-content.ts (create)","8-stat-beat-4-sublabel-interest-create"
"Path · Create","Experience 1 · description","9","Real Experiences","Planar virtual production technology — the same used in The Mandalorian and Dune — available to ASU film students.","","","src/lib/sprint3-content.ts (create)","9-experience-1-description-interest-create"
"Path · Create","Experience 1 · headline","9","Real Experiences","From superhero films to VR games.","","","src/lib/sprint3-content.ts (create)","9-experience-1-headline-interest-create"
"Path · Create","Experience 1 · imageAlt","9","Real Experiences","Film and media production studio","","","src/lib/sprint3-content.ts (create)","9-experience-1-imagealt-interest-create"
"Path · Create","Experience 1 · imageSrc","9","Real Experiences","https://images.unsplash.com/photo-1514525253161-7a46d19cd819?auto=format&fit=crop&w=1600&q=80","","","src/lib/sprint3-content.ts (create)","9-experience-1-imagesrc-interest-create"
"Path · Create","Experience 1 · program","9","Real Experiences","MIX Center · Mesa","","","src/lib/sprint3-content.ts (create)","9-experience-1-program-interest-create"
"Path · Create","Experience 2 · description","9","Real Experiences","Gallery shows, film festivals, client projects — your work goes public while you're still a student.","","","src/lib/sprint3-content.ts (create)","9-experience-2-description-interest-create"
"Path · Create","Experience 2 · headline","9","Real Experiences","Portfolio before diploma.","","","src/lib/sprint3-content.ts (create)","9-experience-2-headline-interest-create"
"Path · Create","Experience 2 · imageAlt","9","Real Experiences","Art gallery exhibition","","","src/lib/sprint3-content.ts (create)","9-experience-2-imagealt-interest-create"
"Path · Create","Experience 2 · imageSrc","9","Real Experiences","https://images.unsplash.com/photo-1499781350541-7783f3095d63?auto=format&fit=crop&w=1600&q=80","","","src/lib/sprint3-content.ts (create)","9-experience-2-imagesrc-interest-create"
"Path · Create","Experience 2 · program","9","Real Experiences","Herberger Institute","","","src/lib/sprint3-content.ts (create)","9-experience-2-program-interest-create"
"Path · Create","Experience 3 · description","9","Real Experiences","Downtown LA — Fashion District, studios, and professional opportunities in film, media, and virtual reality.","","","src/lib/sprint3-content.ts (create)","9-experience-3-description-interest-create"
"Path · Create","Experience 3 · headline","9","Real Experiences","Steps from the film industry.","","","src/lib/sprint3-content.ts (create)","9-experience-3-headline-interest-create"
"Path · Create","Experience 3 · imageAlt","9","Real Experiences","Creative industry workspace in Los Angeles","","","src/lib/sprint3-content.ts (create)","9-experience-3-imagealt-interest-create"
"Path · Create","Experience 3 · imageSrc","9","Real Experiences","https://images.unsplash.com/photo-1497366216548-37526070297c?auto=format&fit=crop&w=1600&q=80","","","src/lib/sprint3-content.ts (create)","9-experience-3-imagesrc-interest-create"
"Path · Create","Experience 3 · program","9","Real Experiences","ASU California Center","","","src/lib/sprint3-content.ts (create)","9-experience-3-program-interest-create"
"Path · Create","Belonging · chapter","10","You Belong","03.","","","src/lib/sprint3-content.ts (create)","10-belonging-chapter-interest-create"
"Path · Create","Belonging · emphasis","10","You Belong","stage.","","","src/lib/sprint3-content.ts (create)","10-belonging-emphasis-interest-create"
"Path · Create","Belonging · headline","10","You Belong","deserve a","","","src/lib/sprint3-content.ts (create)","10-belonging-headline-interest-create"
"Path · Create","Belonging · imageAlt","10","You Belong","Artist at work","","","src/lib/sprint3-content.ts (create)","10-belonging-imagealt-interest-create"
"Path · Create","Belonging · imageSrc","10","You Belong","https://images.unsplash.com/photo-1460661419201-fd4cecdf8a8b?auto=format&fit=crop&w=2400&q=80","","","src/lib/sprint3-content.ts (create)","10-belonging-imagesrc-interest-create"
"Path · Create","Belonging · preline","10","You Belong","Creators like you —","","","src/lib/sprint3-content.ts (create)","10-belonging-preline-interest-create"
"Path · Create","Belonging · subline","10","You Belong","Not a syllabus. A studio. A screen. A story only you can tell.","","","src/lib/sprint3-content.ts (create)","10-belonging-subline-interest-create"
"Path · Create","Snapshot theme headline · emphasis","16","Future Snapshot","creators.","","","src/lib/snapshot.ts","16-snapshot-theme-headline-emphasis-interest-create"
"Path · Create","Snapshot theme headline · headline","16","Future Snapshot","Designed for","","","src/lib/snapshot.ts","16-snapshot-theme-headline-headline-interest-create"
"Path · Change the world","Mirror · emphasis","4","Personalized Mirror","change things.","","","src/lib/personalization.ts","4-mirror-emphasis-interest-change-world"
"Path · Change the world","Mirror · headline","4","Personalized Mirror","the pull to","","","src/lib/personalization.ts","4-mirror-headline-interest-change-world"
"Path · Change the world","Mirror · imageAlt","4","Personalized Mirror","Activists raising hands together","","","src/lib/personalization.ts","4-mirror-imagealt-interest-change-world"
"Path · Change the world","Mirror · imageSrc","4","Personalized Mirror","https://images.unsplash.com/photo-1529156069898-49953e39b3ac?auto=format&fit=crop&w=2400&q=80","","","src/lib/personalization.ts","4-mirror-imagesrc-interest-change-world"
"Path · Change the world","Mirror · preline","4","Personalized Mirror","You feel it —","","","src/lib/personalization.ts","4-mirror-preline-interest-change-world"
"Path · Change the world","Mirror · subline","4","Personalized Mirror","Justice, equity, impact. You don't want to adapt to the world — you want to reshape it.","","","src/lib/personalization.ts","4-mirror-subline-interest-change-world"
"Path · Change the world","Path 1 · description","5","Path Reveal","School of Public Affairs, sustainability law, and civic engagement programs with real reach.","","","src/lib/personalization.ts","5-path-1-description-interest-change-world"
"Path · Change the world","Path 1 · imageAlt","5","Path Reveal","Government and civic building","","","src/lib/personalization.ts","5-path-1-imagealt-interest-change-world"
"Path · Change the world","Path 1 · imageSrc","5","Path Reveal","https://images.unsplash.com/photo-1529107386315-e1a2ed48a620?auto=format&fit=crop&w=1600&q=80","","","src/lib/personalization.ts","5-path-1-imagesrc-interest-change-world"
"Path · Change the world","Path 1 · title","5","Path Reveal","Policy that matters","","","src/lib/personalization.ts","5-path-1-title-interest-change-world"
"Path · Change the world","Path 2 · description","5","Path Reveal","Study abroad, Peace Corps prep, and international development — think beyond borders.","","","src/lib/personalization.ts","5-path-2-description-interest-change-world"
"Path · Change the world","Path 2 · imageAlt","5","Path Reveal","Global community gathering","","","src/lib/personalization.ts","5-path-2-imagealt-interest-change-world"
"Path · Change the world","Path 2 · imageSrc","5","Path Reveal","https://images.unsplash.com/photo-1488523789244-0d3859664576?auto=format&fit=crop&w=1600&q=80","","","src/lib/personalization.ts","5-path-2-imagesrc-interest-change-world"
"Path · Change the world","Path 2 · title","5","Path Reveal","Global impact","","","src/lib/personalization.ts","5-path-2-title-interest-change-world"
"Path · Change the world","Path 3 · description","5","Path Reveal","Solar research, urban planning, and green initiatives — ASU leads in sustainability.","","","src/lib/personalization.ts","5-path-3-description-interest-change-world"
"Path · Change the world","Path 3 · imageAlt","5","Path Reveal","Solar panels and sustainable campus","","","src/lib/personalization.ts","5-path-3-imagealt-interest-change-world"
"Path · Change the world","Path 3 · imageSrc","5","Path Reveal","https://images.unsplash.com/photo-1473341304170-971dccb5acae?auto=format&fit=crop&w=1600&q=80","","","src/lib/personalization.ts","5-path-3-imagesrc-interest-change-world"
"Path · Change the world","Path 3 · title","5","Path Reveal","Sustainability in action","","","src/lib/personalization.ts","5-path-3-title-interest-change-world"
"Path · Change the world","Momentum · headline","6","Momentum","The world needs","","","src/lib/personalization.ts","6-momentum-headline-interest-change-world"
"Path · Change the world","Momentum · imageAlt","6","Momentum","Community organizing and social impact","","","src/lib/personalization.ts","6-momentum-imagealt-interest-change-world"
"Path · Change the world","Momentum · imageSrc","6","Momentum","https://images.unsplash.com/photo-1469571486292-0ba58a3f068b?auto=format&fit=crop&w=2400&q=80","","","src/lib/personalization.ts","6-momentum-imagesrc-interest-change-world"
"Path · Change the world","Momentum · stat","6","Momentum","#1","","","src/lib/personalization.ts","6-momentum-stat-interest-change-world"
"Path · Change the world","Momentum · statLabel","6","Momentum","in the U.S. for sustainability","","","src/lib/personalization.ts","6-momentum-statlabel-interest-change-world"
"Path · Change the world","Momentum · subline","6","Momentum","people who refuse to accept it as-is.","","","src/lib/personalization.ts","6-momentum-subline-interest-change-world"
"Path · Change the world","Student voice · context","7","Student Voice","CEO · nonprofit serving adults with disabilities","","","src/lib/sprint3-content.ts (change-world)","7-student-voice-context-interest-change-world"
"Path · Change the world","Student voice · imageAlt","7","Student Voice","Leader addressing a community","","","src/lib/sprint3-content.ts (change-world)","7-student-voice-imagealt-interest-change-world"
"Path · Change the world","Student voice · imageSrc","7","Student Voice","https://images.unsplash.com/photo-1529156069898-49953e39b3ac?auto=format&fit=crop&w=2400&q=80","","","src/lib/sprint3-content.ts (change-world)","7-student-voice-imagesrc-interest-change-world"
"Path · Change the world","Student voice · name","7","Student Voice","Jordan D.","","","src/lib/sprint3-content.ts (change-world)","7-student-voice-name-interest-change-world"
"Path · Change the world","Student voice · quote","7","Student Voice","ASU equipped me to approach challenges with a strategic mindset and innovative solutions.","","","src/lib/sprint3-content.ts (change-world)","7-student-voice-quote-interest-change-world"
"Path · Change the world","Stat beat 1 · label","8","Stat Beats","in sustainability","","","src/lib/sprint3-content.ts (change-world)","8-stat-beat-1-label-interest-change-world"
"Path · Change the world","Stat beat 1 · stat","8","Stat Beats","#1","","","src/lib/sprint3-content.ts (change-world)","8-stat-beat-1-stat-interest-change-world"
"Path · Change the world","Stat beat 1 · sublabel","8","Stat Beats","among U.S. universities","","","src/lib/sprint3-content.ts (change-world)","8-stat-beat-1-sublabel-interest-change-world"
"Path · Change the world","Stat beat 2 · label","8","Stat Beats","for free speech","","","src/lib/sprint3-content.ts (change-world)","8-stat-beat-2-label-interest-change-world"
"Path · Change the world","Stat beat 2 · stat","8","Stat Beats","Top 25","","","src/lib/sprint3-content.ts (change-world)","8-stat-beat-2-stat-interest-change-world"
"Path · Change the world","Stat beat 2 · sublabel","8","Stat Beats","FIRE Foundation ranking","","","src/lib/sprint3-content.ts (change-world)","8-stat-beat-2-sublabel-interest-change-world"
"Path · Change the world","Stat beat 3 · label","8","Stat Beats","global education programs","","","src/lib/sprint3-content.ts (change-world)","8-stat-beat-3-label-interest-change-world"
"Path · Change the world","Stat beat 3 · stat","8","Stat Beats","300+","","","src/lib/sprint3-content.ts (change-world)","8-stat-beat-3-stat-interest-change-world"
"Path · Change the world","Stat beat 3 · sublabel","8","Stat Beats","65+ countries","","","src/lib/sprint3-content.ts (change-world)","8-stat-beat-3-sublabel-interest-change-world"
"Path · Change the world","Experience 1 · description","9","Real Experiences","Nationally recognized thinkers, journalists, and leaders — Mark Cuban, Jane Goodall, Condoleezza Rice — on campus, for you.","","","src/lib/sprint3-content.ts (change-world)","9-experience-1-description-interest-change-world"
"Path · Change the world","Experience 1 · headline","9","Real Experiences","Join the conversation.","","","src/lib/sprint3-content.ts (change-world)","9-experience-1-headline-interest-change-world"
"Path · Change the world","Experience 1 · imageAlt","9","Real Experiences","Civic dialogue and public forum","","","src/lib/sprint3-content.ts (change-world)","9-experience-1-imagealt-interest-change-world"
"Path · Change the world","Experience 1 · imageSrc","9","Real Experiences","https://images.unsplash.com/photo-1529107386315-e1a2ed48a620?auto=format&fit=crop&w=1600&q=80","","","src/lib/sprint3-content.ts (change-world)","9-experience-1-imagesrc-interest-change-world"
"Path · Change the world","Experience 1 · program","9","Real Experiences","Dialogues for Democracy","","","src/lib/sprint3-content.ts (change-world)","9-experience-1-program-interest-change-world"
"Path · Change the world","Experience 2 · description","9","Real Experiences","Social work, public policy, community solutions — professors conducting research that improves society right now.","","","src/lib/sprint3-content.ts (change-world)","9-experience-2-description-interest-change-world"
"Path · Change the world","Experience 2 · headline","9","Real Experiences","Policy that moves the needle.","","","src/lib/sprint3-content.ts (change-world)","9-experience-2-headline-interest-change-world"
"Path · Change the world","Experience 2 · imageAlt","9","Real Experiences","Community organizing and public service","","","src/lib/sprint3-content.ts (change-world)","9-experience-2-imagealt-interest-change-world"
"Path · Change the world","Experience 2 · imageSrc","9","Real Experiences","https://images.unsplash.com/photo-1469571486292-0ba58a3f068b?auto=format&fit=crop&w=1600&q=80","","","src/lib/sprint3-content.ts (change-world)","9-experience-2-imagesrc-interest-change-world"
"Path · Change the world","Experience 2 · program","9","Real Experiences","Watts College of Public Service","","","src/lib/sprint3-content.ts (change-world)","9-experience-2-program-interest-change-world"
"Path · Change the world","Experience 3 · description","9","Real Experiences","4,300+ students participate in global education each year — from Antarctica wildlife research to Spain, Japan, and beyond.","","","src/lib/sprint3-content.ts (change-world)","9-experience-3-description-interest-change-world"
"Path · Change the world","Experience 3 · headline","9","Real Experiences","Go to class in unexpected places.","","","src/lib/sprint3-content.ts (change-world)","9-experience-3-headline-interest-change-world"
"Path · Change the world","Experience 3 · imageAlt","9","Real Experiences","Students on a global education trip","","","src/lib/sprint3-content.ts (change-world)","9-experience-3-imagealt-interest-change-world"
"Path · Change the world","Experience 3 · imageSrc","9","Real Experiences","https://images.unsplash.com/photo-1488523789244-0d3859664576?auto=format&fit=crop&w=1600&q=80","","","src/lib/sprint3-content.ts (change-world)","9-experience-3-imagesrc-interest-change-world"
"Path · Change the world","Experience 3 · program","9","Real Experiences","Study Abroad · Antarctica","","","src/lib/sprint3-content.ts (change-world)","9-experience-3-program-interest-change-world"
"Path · Change the world","Belonging · chapter","10","You Belong","03.","","","src/lib/sprint3-content.ts (change-world)","10-belonging-chapter-interest-change-world"
"Path · Change the world","Belonging · emphasis","10","You Belong","They reshape.","","","src/lib/sprint3-content.ts (change-world)","10-belonging-emphasis-interest-change-world"
"Path · Change the world","Belonging · headline","10","You Belong","don't adapt.","","","src/lib/sprint3-content.ts (change-world)","10-belonging-headline-interest-change-world"
"Path · Change the world","Belonging · imageAlt","10","You Belong","Sustainable landscape at sunrise","","","src/lib/sprint3-content.ts (change-world)","10-belonging-imagealt-interest-change-world"
"Path · Change the world","Belonging · imageSrc","10","You Belong","https://images.unsplash.com/photo-1473341304170-971dccb5acae?auto=format&fit=crop&w=2400&q=80","","","src/lib/sprint3-content.ts (change-world)","10-belonging-imagesrc-interest-change-world"
"Path · Change the world","Belonging · preline","10","You Belong","World-changers like you —","","","src/lib/sprint3-content.ts (change-world)","10-belonging-preline-interest-change-world"
"Path · Change the world","Belonging · subline","10","You Belong","A charter-driven university measured by who it includes — and how they succeed.","","","src/lib/sprint3-content.ts (change-world)","10-belonging-subline-interest-change-world"
"Path · Change the world","Snapshot theme headline · emphasis","16","Future Snapshot","change things.","","","src/lib/snapshot.ts","16-snapshot-theme-headline-emphasis-interest-change-world"
"Path · Change the world","Snapshot theme headline · headline","16","Future Snapshot","Ready to","","","src/lib/snapshot.ts","16-snapshot-theme-headline-headline-interest-change-world"
"Path · Start a business","Mirror · emphasis","4","Personalized Mirror","build something.","","","src/lib/personalization.ts","4-mirror-emphasis-interest-business"
"Path · Start a business","Mirror · headline","4","Personalized Mirror","the pull to","","","src/lib/personalization.ts","4-mirror-headline-interest-business"
"Path · Start a business","Mirror · imageAlt","4","Personalized Mirror","Entrepreneur presenting a business idea","","","src/lib/personalization.ts","4-mirror-imagealt-interest-business"
"Path · Start a business","Mirror · imageSrc","4","Personalized Mirror","https://images.unsplash.com/photo-1559136555-9303baea8ebd?auto=format&fit=crop&w=2400&q=80","","","src/lib/personalization.ts","4-mirror-imagesrc-interest-business"
"Path · Start a business","Mirror · preline","4","Personalized Mirror","You feel it —","","","src/lib/personalization.ts","4-mirror-preline-interest-business"
"Path · Start a business","Mirror · subline","4","Personalized Mirror","Entrepreneurship isn't a club here — it's a culture.","","","src/lib/personalization.ts","4-mirror-subline-interest-business"
"Path · Start a business","Path 1 · description","5","Path Reveal","Top-ranked business school with programs in finance, marketing, and supply chain.","","","src/lib/personalization.ts","5-path-1-description-interest-business"
"Path · Start a business","Path 1 · imageAlt","5","Path Reveal","Business strategy meeting","","","src/lib/personalization.ts","5-path-1-imagealt-interest-business"
"Path · Start a business","Path 1 · imageSrc","5","Path Reveal","https://images.unsplash.com/photo-1454165804606-c3d57bc86b40?auto=format&fit=crop&w=1600&q=80","","","src/lib/personalization.ts","5-path-1-imagesrc-interest-business"
"Path · Start a business","Path 1 · title","5","Path Reveal","W. P. Carey edge","","","src/lib/personalization.ts","5-path-1-title-interest-business"
"Path · Start a business","Path 2 · description","5","Path Reveal","ASU Venture Devils, incubator space, and mentor networks that de-risk your first launch.","","","src/lib/personalization.ts","5-path-2-description-interest-business"
"Path · Start a business","Path 2 · imageAlt","5","Path Reveal","Startup team brainstorming","","","src/lib/personalization.ts","5-path-2-imagealt-interest-business"
"Path · Start a business","Path 2 · imageSrc","5","Path Reveal","https://images.unsplash.com/photo-1556761175-b413da4baf72?auto=format&fit=crop&w=1600&q=80","","","src/lib/personalization.ts","5-path-2-imagesrc-interest-business"
"Path · Start a business","Path 2 · title","5","Path Reveal","Startup ecosystem","","","src/lib/personalization.ts","5-path-2-title-interest-business"
"Path · Start a business","Path 3 · description","5","Path Reveal","Student-run businesses generating actual income before graduation — not just case studies.","","","src/lib/personalization.ts","5-path-3-description-interest-business"
"Path · Start a business","Path 3 · imageAlt","5","Path Reveal","Mobile payment and commerce","","","src/lib/personalization.ts","5-path-3-imagealt-interest-business"
"Path · Start a business","Path 3 · imageSrc","5","Path Reveal","https://images.unsplash.com/photo-1556742049-0cfed4f6a45d?auto=format&fit=crop&w=1600&q=80","","","src/lib/personalization.ts","5-path-3-imagesrc-interest-business"
"Path · Start a business","Path 3 · title","5","Path Reveal","Real revenue, real early","","","src/lib/personalization.ts","5-path-3-title-interest-business"
"Path · Start a business","Momentum · headline","6","Momentum","Your ambition","","","src/lib/personalization.ts","6-momentum-headline-interest-business"
"Path · Start a business","Momentum · imageAlt","6","Momentum","Modern business district skyline","","","src/lib/personalization.ts","6-momentum-imagealt-interest-business"
"Path · Start a business","Momentum · imageSrc","6","Momentum","https://images.unsplash.com/photo-1497366811353-6870744d04b2?auto=format&fit=crop&w=2400&q=80","","","src/lib/personalization.ts","6-momentum-imagesrc-interest-business"
"Path · Start a business","Momentum · stat","6","Momentum","Top 25","","","src/lib/personalization.ts","6-momentum-stat-interest-business"
"Path · Start a business","Momentum · statLabel","6","Momentum","undergraduate business program","","","src/lib/personalization.ts","6-momentum-statlabel-interest-business"
"Path · Start a business","Momentum · subline","6","Momentum","needs room to move fast.","","","src/lib/personalization.ts","6-momentum-subline-interest-business"
"Path · Start a business","Student voice · context","7","Student Voice","Co-founder, BreatheEV · Flinn Scholar · ASU alum","","","src/lib/sprint3-content.ts (business)","7-student-voice-context-interest-business"
"Path · Start a business","Student voice · imageAlt","7","Student Voice","Entrepreneur presenting a startup idea","","","src/lib/sprint3-content.ts (business)","7-student-voice-imagealt-interest-business"
"Path · Start a business","Student voice · imageSrc","7","Student Voice","https://images.unsplash.com/photo-1556761175-b413da4baf72?auto=format&fit=crop&w=2400&q=80","","","src/lib/sprint3-content.ts (business)","7-student-voice-imagesrc-interest-business"
"Path · Start a business","Student voice · name","7","Student Voice","Max B.","","","src/lib/sprint3-content.ts (business)","7-student-voice-name-interest-business"
"Path · Start a business","Student voice · quote","7","Student Voice","I'm driven by wanting to make the world better, and the fastest way to do that is through startups.","","","src/lib/sprint3-content.ts (business)","7-student-voice-quote-interest-business"
"Path · Start a business","Stat beat 1 · label","8","Stat Beats","undergraduate business","","","src/lib/sprint3-content.ts (business)","8-stat-beat-1-label-interest-business"
"Path · Start a business","Stat beat 1 · stat","8","Stat Beats","Top 25","","","src/lib/sprint3-content.ts (business)","8-stat-beat-1-stat-interest-business"
"Path · Start a business","Stat beat 1 · sublabel","8","Stat Beats","W. P. Carey School of Business","","","src/lib/sprint3-content.ts (business)","8-stat-beat-1-sublabel-interest-business"
"Path · Start a business","Stat beat 2 · label","8","Stat Beats","jobs at ASU-linked startups","","","src/lib/sprint3-content.ts (business)","8-stat-beat-2-label-interest-business"
"Path · Start a business","Stat beat 2 · stat","8","Stat Beats","620+","","","src/lib/sprint3-content.ts (business)","8-stat-beat-2-stat-interest-business"
"Path · Start a business","Stat beat 2 · sublabel","8","Stat Beats","Venture Devils ecosystem","","","src/lib/sprint3-content.ts (business)","8-stat-beat-2-sublabel-interest-business"
"Path · Start a business","Stat beat 3 · label","8","Stat Beats","Fortune 500 recruiters","","","src/lib/sprint3-content.ts (business)","8-stat-beat-3-label-interest-business"
"Path · Start a business","Stat beat 3 · stat","8","Stat Beats","130+","","","src/lib/sprint3-content.ts (business)","8-stat-beat-3-stat-interest-business"
"Path · Start a business","Stat beat 3 · sublabel","8","Stat Beats","on campus hiring ASU grads","","","src/lib/sprint3-content.ts (business)","8-stat-beat-3-sublabel-interest-business"
"Path · Start a business","Experience 1 · description","9","Real Experiences","1,000+ students supported through ASU's startup incubator — from pitch competitions to funded ventures in 11 states.","","","src/lib/sprint3-content.ts (business)","9-experience-1-description-interest-business"
"Path · Start a business","Experience 1 · headline","9","Real Experiences","Pitch. Launch. Repeat.","","","src/lib/sprint3-content.ts (business)","9-experience-1-headline-interest-business"
"Path · Start a business","Experience 1 · imageAlt","9","Real Experiences","Startup pitch event","","","src/lib/sprint3-content.ts (business)","9-experience-1-imagealt-interest-business"
"Path · Start a business","Experience 1 · imageSrc","9","Real Experiences","https://images.unsplash.com/photo-1559136555-9303baea8ebd?auto=format&fit=crop&w=1600&q=80","","","src/lib/sprint3-content.ts (business)","9-experience-1-imagesrc-interest-business"
"Path · Start a business","Experience 1 · program","9","Real Experiences","Venture Devils","","","src/lib/sprint3-content.ts (business)","9-experience-1-program-interest-business"
"Path · Start a business","Experience 2 · description","9","Real Experiences","Finance, marketing, supply chain, entrepreneurship — a top-ranked school where theory meets real markets.","","","src/lib/sprint3-content.ts (business)","9-experience-2-description-interest-business"
"Path · Start a business","Experience 2 · headline","9","Real Experiences","Business with depth.","","","src/lib/sprint3-content.ts (business)","9-experience-2-headline-interest-business"
"Path · Start a business","Experience 2 · imageAlt","9","Real Experiences","Business strategy and leadership","","","src/lib/sprint3-content.ts (business)","9-experience-2-imagealt-interest-business"
"Path · Start a business","Experience 2 · imageSrc","9","Real Experiences","https://images.unsplash.com/photo-1454165804606-c3d57bc86b40?auto=format&fit=crop&w=1600&q=80","","","src/lib/sprint3-content.ts (business)","9-experience-2-imagesrc-interest-business"
"Path · Start a business","Experience 2 · program","9","Real Experiences","W. P. Carey School","","","src/lib/sprint3-content.ts (business)","9-experience-2-program-interest-business"
"Path · Start a business","Experience 3 · description","9","Real Experiences","Ranked among the world's best for global management — prepare for careers that don't stop at borders.","","","src/lib/sprint3-content.ts (business)","9-experience-3-description-interest-business"
"Path · Start a business","Experience 3 · headline","9","Real Experiences","Global from day one.","","","src/lib/sprint3-content.ts (business)","9-experience-3-headline-interest-business"
"Path · Start a business","Experience 3 · imageAlt","9","Real Experiences","Global business skyline","","","src/lib/sprint3-content.ts (business)","9-experience-3-imagealt-interest-business"
"Path · Start a business","Experience 3 · imageSrc","9","Real Experiences","https://images.unsplash.com/photo-1497366811353-6870744d04b2?auto=format&fit=crop&w=1600&q=80","","","src/lib/sprint3-content.ts (business)","9-experience-3-imagesrc-interest-business"
"Path · Start a business","Experience 3 · program","9","Real Experiences","Thunderbird School","","","src/lib/sprint3-content.ts (business)","9-experience-3-program-interest-business"
"Path · Start a business","Belonging · chapter","10","You Belong","03.","","","src/lib/sprint3-content.ts (business)","10-belonging-chapter-interest-business"
"Path · Start a business","Belonging · emphasis","10","You Belong","moves fast.","","","src/lib/sprint3-content.ts (business)","10-belonging-emphasis-interest-business"
"Path · Start a business","Belonging · headline","10","You Belong","need a place that","","","src/lib/sprint3-content.ts (business)","10-belonging-headline-interest-business"
"Path · Start a business","Belonging · imageAlt","10","You Belong","Modern entrepreneurial workspace","","","src/lib/sprint3-content.ts (business)","10-belonging-imagealt-interest-business"
"Path · Start a business","Belonging · imageSrc","10","You Belong","https://images.unsplash.com/photo-1497366216548-37526070297c?auto=format&fit=crop&w=2400&q=80","","","src/lib/sprint3-content.ts (business)","10-belonging-imagesrc-interest-business"
"Path · Start a business","Belonging · preline","10","You Belong","Founders like you —","","","src/lib/sprint3-content.ts (business)","10-belonging-preline-interest-business"
"Path · Start a business","Belonging · subline","10","You Belong","600,000+ alumni. The largest network in metro Phoenix.","","","src/lib/sprint3-content.ts (business)","10-belonging-subline-interest-business"
"Path · Start a business","Snapshot theme headline · emphasis","16","Future Snapshot","ambition.","","","src/lib/snapshot.ts","16-snapshot-theme-headline-emphasis-interest-business"
"Path · Start a business","Snapshot theme headline · headline","16","Future Snapshot","Fueled by","","","src/lib/snapshot.ts","16-snapshot-theme-headline-headline-interest-business"
"Path · Discover","Mirror · emphasis","4","Personalized Mirror","discover.","","","src/lib/personalization.ts","4-mirror-emphasis-interest-discover"
"Path · Discover","Mirror · headline","4","Personalized Mirror","the pull to","","","src/lib/personalization.ts","4-mirror-headline-interest-discover"
"Path · Discover","Mirror · imageAlt","4","Personalized Mirror","Scientist examining samples in a lab","","","src/lib/personalization.ts","4-mirror-imagealt-interest-discover"
"Path · Discover","Mirror · imageSrc","4","Personalized Mirror","https://images.unsplash.com/photo-1532094349883-543bc11b234d?auto=format&fit=crop&w=2400&q=80","","","src/lib/personalization.ts","4-mirror-imagesrc-interest-discover"
"Path · Discover","Mirror · preline","4","Personalized Mirror","You feel it —","","","src/lib/personalization.ts","4-mirror-preline-interest-discover"
"Path · Discover","Mirror · subline","4","Personalized Mirror","Questions drive you. Answers are just the beginning.","","","src/lib/personalization.ts","4-mirror-subline-interest-discover"
"Path · Discover","Path 1 · description","5","Path Reveal","Undergrads in labs alongside faculty — not waiting until grad school to do real science.","","","src/lib/personalization.ts","5-path-1-description-interest-discover"
"Path · Discover","Path 1 · imageAlt","5","Path Reveal","Laboratory research equipment","","","src/lib/personalization.ts","5-path-1-imagealt-interest-discover"
"Path · Discover","Path 1 · imageSrc","5","Path Reveal","https://images.unsplash.com/photo-1576086213369-97a306d36557?auto=format&fit=crop&w=1600&q=80","","","src/lib/personalization.ts","5-path-1-imagesrc-interest-discover"
"Path · Discover","Path 1 · title","5","Path Reveal","Research from day one","","","src/lib/personalization.ts","5-path-1-title-interest-discover"
"Path · Discover","Path 2 · description","5","Path Reveal","ASU built instruments for NASA missions. You could work on the next one.","","","src/lib/personalization.ts","5-path-2-description-interest-discover"
"Path · Discover","Path 2 · imageAlt","5","Path Reveal","Space and astronomy research","","","src/lib/personalization.ts","5-path-2-imagealt-interest-discover"
"Path · Discover","Path 2 · imageSrc","5","Path Reveal","https://images.unsplash.com/photo-1446776653960-20c1d3a81b27?auto=format&fit=crop&w=1600&q=80","","","src/lib/personalization.ts","5-path-2-imagesrc-interest-discover"
"Path · Discover","Path 2 · title","5","Path Reveal","Space & beyond","","","src/lib/personalization.ts","5-path-2-title-interest-discover"
"Path · Discover","Path 3 · description","5","Path Reveal","The Biodesign Institute tackles cancer, infectious disease, and personalized medicine.","","","src/lib/personalization.ts","5-path-3-description-interest-discover"
"Path · Discover","Path 3 · imageAlt","5","Path Reveal","Biomedical research facility","","","src/lib/personalization.ts","5-path-3-imagealt-interest-discover"
"Path · Discover","Path 3 · imageSrc","5","Path Reveal","https://images.unsplash.com/photo-1579154204601-01588f351e67?auto=format&fit=crop&w=1600&q=80","","","src/lib/personalization.ts","5-path-3-imagesrc-interest-discover"
"Path · Discover","Path 3 · title","5","Path Reveal","Biodesign breakthroughs","","","src/lib/personalization.ts","5-path-3-title-interest-discover"
"Path · Discover","Momentum · headline","6","Momentum","Curiosity","","","src/lib/personalization.ts","6-momentum-headline-interest-discover"
"Path · Discover","Momentum · imageAlt","6","Momentum","Microscope and scientific discovery","","","src/lib/personalization.ts","6-momentum-imagealt-interest-discover"
"Path · Discover","Momentum · imageSrc","6","Momentum","https://images.unsplash.com/photo-1507413245164-6160d829bb77?auto=format&fit=crop&w=2400&q=80","","","src/lib/personalization.ts","6-momentum-imagesrc-interest-discover"
"Path · Discover","Momentum · stat","6","Momentum","$700M+","","","src/lib/personalization.ts","6-momentum-stat-interest-discover"
"Path · Discover","Momentum · statLabel","6","Momentum","in annual research expenditures","","","src/lib/personalization.ts","6-momentum-statlabel-interest-discover"
"Path · Discover","Momentum · subline","6","Momentum","is the most powerful major.","","","src/lib/personalization.ts","6-momentum-subline-interest-discover"
"Path · Discover","Student voice · context","7","Student Voice","ASU student · undergraduate research","","","src/lib/sprint3-content.ts (discover)","7-student-voice-context-interest-discover"
"Path · Discover","Student voice · imageAlt","7","Student Voice","Student scientist in a research lab","","","src/lib/sprint3-content.ts (discover)","7-student-voice-imagealt-interest-discover"
"Path · Discover","Student voice · imageSrc","7","Student Voice","https://images.unsplash.com/photo-1532094349883-543bc11b234d?auto=format&fit=crop&w=2400&q=80","","","src/lib/sprint3-content.ts (discover)","7-student-voice-imagesrc-interest-discover"
"Path · Discover","Student voice · name","7","Student Voice","Michelle V.","","","src/lib/sprint3-content.ts (discover)","7-student-voice-name-interest-discover"
"Path · Discover","Student voice · quote","7","Student Voice","I felt like a true scientist when I was in there.","","","src/lib/sprint3-content.ts (discover)","7-student-voice-quote-interest-discover"
"Path · Discover","Stat beat 1 · label","8","Stat Beats","annual research","","","src/lib/sprint3-content.ts (discover)","8-stat-beat-1-label-interest-discover"
"Path · Discover","Stat beat 1 · stat","8","Stat Beats","$700M+","","","src/lib/sprint3-content.ts (discover)","8-stat-beat-1-stat-interest-discover"
"Path · Discover","Stat beat 1 · sublabel","8","Stat Beats","one of the largest research enterprises in the U.S.","","","src/lib/sprint3-content.ts (discover)","8-stat-beat-1-sublabel-interest-discover"
"Path · Discover","Stat beat 2 · label","8","Stat Beats","National Academies faculty","","","src/lib/sprint3-content.ts (discover)","8-stat-beat-2-label-interest-discover"
"Path · Discover","Stat beat 2 · stat","8","Stat Beats","400+","","","src/lib/sprint3-content.ts (discover)","8-stat-beat-2-stat-interest-discover"
"Path · Discover","Stat beat 2 · sublabel","8","Stat Beats","including Nobel laureates","","","src/lib/sprint3-content.ts (discover)","8-stat-beat-2-sublabel-interest-discover"
"Path · Discover","Stat beat 3 · label","8","Stat Beats","of Fulbright scholars","","","src/lib/sprint3-content.ts (discover)","8-stat-beat-3-label-interest-discover"
"Path · Discover","Stat beat 3 · stat","8","Stat Beats","Top producer","","","src/lib/sprint3-content.ts (discover)","8-stat-beat-3-stat-interest-discover"
"Path · Discover","Stat beat 3 · sublabel","8","Stat Beats","ahead of Stanford, USC, Johns Hopkins","","","src/lib/sprint3-content.ts (discover)","8-stat-beat-3-sublabel-interest-discover"
"Path · Discover","Experience 1 · description","9","Real Experiences","Regents Professor Hao Yan develops autonomous nanobots targeting disease — and undergrads work alongside him.","","","src/lib/sprint3-content.ts (discover)","9-experience-1-description-interest-discover"
"Path · Discover","Experience 1 · headline","9","Real Experiences","Cure cancer. Destroy tumors. Save lives.","","","src/lib/sprint3-content.ts (discover)","9-experience-1-headline-interest-discover"
"Path · Discover","Experience 1 · imageAlt","9","Real Experiences","Biomedical research laboratory","","","src/lib/sprint3-content.ts (discover)","9-experience-1-imagealt-interest-discover"
"Path · Discover","Experience 1 · imageSrc","9","Real Experiences","https://images.unsplash.com/photo-1579154204601-01588f351e67?auto=format&fit=crop&w=1600&q=80","","","src/lib/sprint3-content.ts (discover)","9-experience-1-imagesrc-interest-discover"
"Path · Discover","Experience 1 · program","9","Real Experiences","Biodesign Institute","","","src/lib/sprint3-content.ts (discover)","9-experience-1-program-interest-discover"
"Path · Discover","Experience 2 · description","9","Real Experiences","ASU built instruments for NASA missions. Laurie Leshin, former JPL director, leads Space Futures at ASU.","","","src/lib/sprint3-content.ts (discover)","9-experience-2-description-interest-discover"
"Path · Discover","Experience 2 · headline","9","Real Experiences","Build instruments for space.","","","src/lib/sprint3-content.ts (discover)","9-experience-2-headline-interest-discover"
"Path · Discover","Experience 2 · imageAlt","9","Real Experiences","Space and astronomy research","","","src/lib/sprint3-content.ts (discover)","9-experience-2-imagealt-interest-discover"
"Path · Discover","Experience 2 · imageSrc","9","Real Experiences","https://images.unsplash.com/photo-1446776653960-20c1d3a81b27?auto=format&fit=crop&w=1600&q=80","","","src/lib/sprint3-content.ts (discover)","9-experience-2-imagesrc-interest-discover"
"Path · Discover","Experience 2 · program","9","Real Experiences","NASA · Space Futures","","","src/lib/sprint3-content.ts (discover)","9-experience-2-program-interest-discover"
"Path · Discover","Experience 3 · description","9","Real Experiences","The Bermuda Institute of Ocean Sciences — scientific analysis of the ocean with hands-on student learning.","","","src/lib/sprint3-content.ts (discover)","9-experience-3-description-interest-discover"
"Path · Discover","Experience 3 · headline","9","Real Experiences","Study the ocean. Save the planet.","","","src/lib/sprint3-content.ts (discover)","9-experience-3-headline-interest-discover"
"Path · Discover","Experience 3 · imageAlt","9","Real Experiences","Ocean science research","","","src/lib/sprint3-content.ts (discover)","9-experience-3-imagealt-interest-discover"
"Path · Discover","Experience 3 · imageSrc","9","Real Experiences","https://images.unsplash.com/photo-1559827260-dc66d52bef19?auto=format&fit=crop&w=1600&q=80","","","src/lib/sprint3-content.ts (discover)","9-experience-3-imagesrc-interest-discover"
"Path · Discover","Experience 3 · program","9","Real Experiences","ASU BIOS · Bermuda","","","src/lib/sprint3-content.ts (discover)","9-experience-3-program-interest-discover"
"Path · Discover","Belonging · chapter","10","You Belong","03.","","","src/lib/sprint3-content.ts (discover)","10-belonging-chapter-interest-discover"
"Path · Discover","Belonging · emphasis","10","You Belong","lab.","","","src/lib/sprint3-content.ts (discover)","10-belonging-emphasis-interest-discover"
"Path · Discover","Belonging · headline","10","You Belong","belong in the","","","src/lib/sprint3-content.ts (discover)","10-belonging-headline-interest-discover"
"Path · Discover","Belonging · imageAlt","10","You Belong","Scientific discovery under a microscope","","","src/lib/sprint3-content.ts (discover)","10-belonging-imagealt-interest-discover"
"Path · Discover","Belonging · imageSrc","10","You Belong","https://images.unsplash.com/photo-1507413245164-6160d829bb77?auto=format&fit=crop&w=2400&q=80","","","src/lib/sprint3-content.ts (discover)","10-belonging-imagesrc-interest-discover"
"Path · Discover","Belonging · preline","10","You Belong","Curious minds like yours —","","","src/lib/sprint3-content.ts (discover)","10-belonging-preline-interest-discover"
"Path · Discover","Belonging · subline","10","You Belong","Questions are the most powerful major. Answers are just the beginning.","","","src/lib/sprint3-content.ts (discover)","10-belonging-subline-interest-discover"
"Path · Discover","Snapshot theme headline · emphasis","16","Future Snapshot","curiosity.","","","src/lib/snapshot.ts","16-snapshot-theme-headline-emphasis-interest-discover"
"Path · Discover","Snapshot theme headline · headline","16","Future Snapshot","Driven by","","","src/lib/snapshot.ts","16-snapshot-theme-headline-headline-interest-discover"
"Path · Design games","Mirror · emphasis","4","Personalized Mirror","play.","","","src/lib/personalization.ts","4-mirror-emphasis-interest-games"
"Path · Design games","Mirror · headline","4","Personalized Mirror","the pull to","","","src/lib/personalization.ts","4-mirror-headline-interest-games"
"Path · Design games","Mirror · imageAlt","4","Personalized Mirror","Gaming setup with immersive lighting","","","src/lib/personalization.ts","4-mirror-imagealt-interest-games"
"Path · Design games","Mirror · imageSrc","4","Personalized Mirror","https://images.unsplash.com/photo-1542751371-adc38448a05e?auto=format&fit=crop&w=2400&q=80","","","src/lib/personalization.ts","4-mirror-imagesrc-interest-games"
"Path · Design games","Mirror · preline","4","Personalized Mirror","You feel it —","","","src/lib/personalization.ts","4-mirror-preline-interest-games"
"Path · Design games","Mirror · subline","4","Personalized Mirror","Games are worlds. You want to be the one who builds them.","","","src/lib/personalization.ts","4-mirror-subline-interest-games"
"Path · Design games","Path 1 · description","5","Path Reveal","Narrative design, 3D modeling, and interactive media — learn the full pipeline.","","","src/lib/personalization.ts","5-path-1-description-interest-games"
"Path · Design games","Path 1 · imageAlt","5","Path Reveal","Video game development workspace","","","src/lib/personalization.ts","5-path-1-imagealt-interest-games"
"Path · Design games","Path 1 · imageSrc","5","Path Reveal","https://images.unsplash.com/photo-1511512578047-dfb367046420?auto=format&fit=crop&w=1600&q=80","","","src/lib/personalization.ts","5-path-1-imagesrc-interest-games"
"Path · Design games","Path 1 · title","5","Path Reveal","Game design programs","","","src/lib/personalization.ts","5-path-1-title-interest-games"
"Path · Design games","Path 2 · description","5","Path Reveal","Competitive gaming, streaming culture, and events that turn passion into profession.","","","src/lib/personalization.ts","5-path-2-description-interest-games"
"Path · Design games","Path 2 · imageAlt","5","Path Reveal","Esports gaming arena","","","src/lib/personalization.ts","5-path-2-imagealt-interest-games"
"Path · Design games","Path 2 · imageSrc","5","Path Reveal","https://images.unsplash.com/photo-1542751371-adc38448a05e?auto=format&fit=crop&w=1600&q=80","","","src/lib/personalization.ts","5-path-2-imagesrc-interest-games"
"Path · Design games","Path 2 · title","5","Path Reveal","Esports & community","","","src/lib/personalization.ts","5-path-2-title-interest-games"
"Path · Design games","Path 3 · description","5","Path Reveal","Student studios publishing to Steam and mobile — playable portfolios, not just demos.","","","src/lib/personalization.ts","5-path-3-description-interest-games"
"Path · Design games","Path 3 · imageAlt","5","Path Reveal","Game design on multiple screens","","","src/lib/personalization.ts","5-path-3-imagealt-interest-games"
"Path · Design games","Path 3 · imageSrc","5","Path Reveal","https://images.unsplash.com/photo-1612287230202-1ff1d85c1bdf?auto=format&fit=crop&w=1600&q=80","","","src/lib/personalization.ts","5-path-3-imagesrc-interest-games"
"Path · Design games","Path 3 · title","5","Path Reveal","Ship your game","","","src/lib/personalization.ts","5-path-3-title-interest-games"
"Path · Design games","Momentum · headline","6","Momentum","Imagination","","","src/lib/personalization.ts","6-momentum-headline-interest-games"
"Path · Design games","Momentum · imageAlt","6","Momentum","Immersive gaming experience","","","src/lib/personalization.ts","6-momentum-imagealt-interest-games"
"Path · Design games","Momentum · imageSrc","6","Momentum","https://images.unsplash.com/photo-1552820728-8b83bb6b773f?auto=format&fit=crop&w=2400&q=80","","","src/lib/personalization.ts","6-momentum-imagesrc-interest-games"
"Path · Design games","Momentum · stat","6","Momentum","Top 10","","","src/lib/personalization.ts","6-momentum-stat-interest-games"
"Path · Design games","Momentum · statLabel","6","Momentum","most innovative gaming programs","","","src/lib/personalization.ts","6-momentum-statlabel-interest-games"
"Path · Design games","Momentum · subline","6","Momentum","is the ultimate engine.","","","src/lib/personalization.ts","6-momentum-subline-interest-games"
"Path · Design games","Student voice · context","7","Student Voice","Mechanical engineering · hired at TSMC two months after graduation","","","src/lib/sprint3-content.ts (games)","7-student-voice-context-interest-games"
"Path · Design games","Student voice · imageAlt","7","Student Voice","Gaming and interactive media workspace","","","src/lib/sprint3-content.ts (games)","7-student-voice-imagealt-interest-games"
"Path · Design games","Student voice · imageSrc","7","Student Voice","https://images.unsplash.com/photo-1542751371-adc38448a05e?auto=format&fit=crop&w=2400&q=80","","","src/lib/sprint3-content.ts (games)","7-student-voice-imagesrc-interest-games"
"Path · Design games","Student voice · name","7","Student Voice","Mario C.","","","src/lib/sprint3-content.ts (games)","7-student-voice-name-interest-games"
"Path · Design games","Student voice · quote","7","Student Voice","ASU gives students the autonomy to shape their own experience — to take initiative, explore interests, and design our own path.","","","src/lib/sprint3-content.ts (games)","7-student-voice-quote-interest-games"
"Path · Design games","Stat beat 1 · label","8","Stat Beats","virtual production","","","src/lib/sprint3-content.ts (games)","8-stat-beat-1-label-interest-games"
"Path · Design games","Stat beat 1 · stat","8","Stat Beats","Planar VP","","","src/lib/sprint3-content.ts (games)","8-stat-beat-1-stat-interest-games"
"Path · Design games","Stat beat 1 · sublabel","8","Stat Beats","same tech used in The Mandalorian — at ASU film schools","","","src/lib/sprint3-content.ts (games)","8-stat-beat-1-sublabel-interest-games"
"Path · Design games","Stat beat 2 · label","8","Stat Beats","arts & design clubs","","","src/lib/sprint3-content.ts (games)","8-stat-beat-2-label-interest-games"
"Path · Design games","Stat beat 2 · stat","8","Stat Beats","35","","","src/lib/sprint3-content.ts (games)","8-stat-beat-2-stat-interest-games"
"Path · Design games","Stat beat 2 · sublabel","8","Stat Beats","including game design and esports","","","src/lib/sprint3-content.ts (games)","8-stat-beat-2-sublabel-interest-games"
"Path · Design games","Stat beat 3 · label","8","Stat Beats","Center · Mesa","","","src/lib/sprint3-content.ts (games)","8-stat-beat-3-label-interest-games"
"Path · Design games","Stat beat 3 · stat","8","Stat Beats","MIX","","","src/lib/sprint3-content.ts (games)","8-stat-beat-3-stat-interest-games"
"Path · Design games","Stat beat 3 · sublabel","8","Stat Beats","blockbuster films to VR games — one facility","","","src/lib/sprint3-content.ts (games)","8-stat-beat-3-sublabel-interest-games"
"Path · Design games","Experience 1 · description","9","Real Experiences","Student studios publishing to Steam and mobile — playable portfolios that prove what you can do.","","","src/lib/sprint3-content.ts (games)","9-experience-1-description-interest-games"
"Path · Design games","Experience 1 · headline","9","Real Experiences","Ship games, not just demos.","","","src/lib/sprint3-content.ts (games)","9-experience-1-headline-interest-games"
"Path · Design games","Experience 1 · imageAlt","9","Real Experiences","Game development studio","","","src/lib/sprint3-content.ts (games)","9-experience-1-imagealt-interest-games"
"Path · Design games","Experience 1 · imageSrc","9","Real Experiences","https://images.unsplash.com/photo-1511512578047-dfb367046420?auto=format&fit=crop&w=1600&q=80","","","src/lib/sprint3-content.ts (games)","9-experience-1-imagesrc-interest-games"
"Path · Design games","Experience 1 · program","9","Real Experiences","Narrative & Emerging Media","","","src/lib/sprint3-content.ts (games)","9-experience-1-program-interest-games"
"Path · Design games","Experience 2 · description","9","Real Experiences","Planar virtual production at the MIX Center and ASU California Center — one of the only film schools offering this.","","","src/lib/sprint3-content.ts (games)","9-experience-2-description-interest-games"
"Path · Design games","Experience 2 · headline","9","Real Experiences","The Mandalorian's tech. Your classroom.","","","src/lib/sprint3-content.ts (games)","9-experience-2-headline-interest-games"
"Path · Design games","Experience 2 · imageAlt","9","Real Experiences","Virtual production and game design","","","src/lib/sprint3-content.ts (games)","9-experience-2-imagealt-interest-games"
"Path · Design games","Experience 2 · imageSrc","9","Real Experiences","https://images.unsplash.com/photo-1612287230202-1ff1d85c1bdf?auto=format&fit=crop&w=1600&q=80","","","src/lib/sprint3-content.ts (games)","9-experience-2-imagesrc-interest-games"
"Path · Design games","Experience 2 · program","9","Real Experiences","MIX Center","","","src/lib/sprint3-content.ts (games)","9-experience-2-program-interest-games"
"Path · Design games","Experience 3 · description","9","Real Experiences","Student section of the week — twice in 2025. Gameday atmosphere that's pure passion, whether you play or cheer.","","","src/lib/sprint3-content.ts (games)","9-experience-3-description-interest-games"
"Path · Design games","Experience 3 · headline","9","Real Experiences","Big 12 energy. Pure fire.","","","src/lib/sprint3-content.ts (games)","9-experience-3-headline-interest-games"
"Path · Design games","Experience 3 · imageAlt","9","Real Experiences","Esports and gaming arena","","","src/lib/sprint3-content.ts (games)","9-experience-3-imagealt-interest-games"
"Path · Design games","Experience 3 · imageSrc","9","Real Experiences","https://images.unsplash.com/photo-1542751371-adc38448a05e?auto=format&fit=crop&w=1600&q=80","","","src/lib/sprint3-content.ts (games)","9-experience-3-imagesrc-interest-games"
"Path · Design games","Experience 3 · program","9","Real Experiences","Esports · The Inferno","","","src/lib/sprint3-content.ts (games)","9-experience-3-program-interest-games"
"Path · Design games","Belonging · chapter","10","You Belong","03.","","","src/lib/sprint3-content.ts (games)","10-belonging-chapter-interest-games"
"Path · Design games","Belonging · emphasis","10","You Belong","here.","","","src/lib/sprint3-content.ts (games)","10-belonging-emphasis-interest-games"
"Path · Design games","Belonging · headline","10","You Belong","build worlds","","","src/lib/sprint3-content.ts (games)","10-belonging-headline-interest-games"
"Path · Design games","Belonging · imageAlt","10","You Belong","Immersive gaming experience","","","src/lib/sprint3-content.ts (games)","10-belonging-imagealt-interest-games"
"Path · Design games","Belonging · imageSrc","10","You Belong","https://images.unsplash.com/photo-1552820728-8b83bb6b773f?auto=format&fit=crop&w=2400&q=80","","","src/lib/sprint3-content.ts (games)","10-belonging-imagesrc-interest-games"
"Path · Design games","Belonging · preline","10","You Belong","Players and makers like you —","","","src/lib/sprint3-content.ts (games)","10-belonging-preline-interest-games"
"Path · Design games","Belonging · subline","10","You Belong","Imagination is the ultimate engine. ASU is the launchpad.","","","src/lib/sprint3-content.ts (games)","10-belonging-subline-interest-games"
"Path · Design games","Snapshot theme headline · emphasis","16","Future Snapshot","imagination.","","","src/lib/snapshot.ts","16-snapshot-theme-headline-emphasis-interest-games"
"Path · Design games","Snapshot theme headline · headline","16","Future Snapshot","Powered by","","","src/lib/snapshot.ts","16-snapshot-theme-headline-headline-interest-games"
"Path · Protect the planet","Mirror · emphasis","4","Personalized Mirror","protect.","","","src/lib/personalization.ts","4-mirror-emphasis-interest-planet"
"Path · Protect the planet","Mirror · headline","4","Personalized Mirror","the pull to","","","src/lib/personalization.ts","4-mirror-headline-interest-planet"
"Path · Protect the planet","Mirror · imageAlt","4","Personalized Mirror","ASU students learning forward-looking ocean science in SEA 194: Ocean Futures","","","src/lib/personalization.ts","4-mirror-imagealt-interest-planet"
"Path · Protect the planet","Mirror · imageSrc","4","Personalized Mirror","/images/interests/planet-mirror.jpg","","","src/lib/personalization.ts","4-mirror-imagesrc-interest-planet"
"Path · Protect the planet","Mirror · preline","4","Personalized Mirror","You feel it —","","","src/lib/personalization.ts","4-mirror-preline-interest-planet"
"Path · Protect the planet","Mirror · subline","4","Personalized Mirror","Climate, conservation, stewardship — the planet isn't someone else's problem.","","","src/lib/personalization.ts","4-mirror-subline-interest-planet"
"Path · Protect the planet","Mirror · image feature · body","4","Personalized Mirror","With the School of Ocean Futures' inaugural course, students can now prepare to join efforts on the forefront of ocean solutions, research, and conservation.","","","src/lib/personalization.ts","4-mirror-image-feature-body-interest-planet"
"Path · Protect the planet","Mirror · image feature · credit","4","Personalized Mirror","Bermuda Institute of Ocean Sciences (BIOS) · Julie Ann Wrigley Global Futures Laboratory at ASU","","","src/lib/personalization.ts","4-mirror-image-feature-credit-interest-planet"
"Path · Protect the planet","Mirror · image feature · kicker","4","Personalized Mirror","School of Ocean Futures","","","src/lib/personalization.ts","4-mirror-image-feature-kicker-interest-planet"
"Path · Protect the planet","Mirror · image feature · title","4","Personalized Mirror","SEA 194: Ocean Futures","","","src/lib/personalization.ts","4-mirror-image-feature-title-interest-planet"
"Path · Protect the planet","Path 1 · description","5","Path Reveal","The first of its kind in the nation — degrees built for the defining challenge of our time.","","","src/lib/personalization.ts","5-path-1-description-interest-planet"
"Path · Protect the planet","Path 1 · imageAlt","5","Path Reveal","ASU School of Sustainability","","","src/lib/personalization.ts","5-path-1-imagealt-interest-planet"
"Path · Protect the planet","Path 1 · imageSrc","5","Path Reveal","/images/interests/planet-path-1.jpg","","","src/lib/personalization.ts","5-path-1-imagesrc-interest-planet"
"Path · Protect the planet","Path 1 · title","5","Path Reveal","School of Sustainability","","","src/lib/personalization.ts","5-path-1-title-interest-planet"
"Path · Protect the planet","Path 2 · description","5","Path Reveal","From desert ecology research to environmental law — protect at every level.","","","src/lib/personalization.ts","5-path-2-description-interest-planet"
"Path · Protect the planet","Path 2 · imageAlt","5","Path Reveal","Desert ecology and environmental research at ASU","","","src/lib/personalization.ts","5-path-2-imagealt-interest-planet"
"Path · Protect the planet","Path 2 · imageSrc","5","Path Reveal","/images/interests/planet-path-2.jpg","","","src/lib/personalization.ts","5-path-2-imagesrc-interest-planet"
"Path · Protect the planet","Path 2 · title","5","Path Reveal","Field to policy","","","src/lib/personalization.ts","5-path-2-title-interest-planet"
"Path · Protect the planet","Path 3 · description","5","Path Reveal","Learn on a campus that practices what it teaches — solar, water conservation, zero waste goals.","","","src/lib/personalization.ts","5-path-3-description-interest-planet"
"Path · Protect the planet","Path 3 · imageAlt","5","Path Reveal","Solar and sustainability on the ASU campus","","","src/lib/personalization.ts","5-path-3-imagealt-interest-planet"
"Path · Protect the planet","Path 3 · imageSrc","5","Path Reveal","/images/interests/planet-path-3.jpg","","","src/lib/personalization.ts","5-path-3-imagesrc-interest-planet"
"Path · Protect the planet","Path 3 · title","5","Path Reveal","Carbon-neutral campus","","","src/lib/personalization.ts","5-path-3-title-interest-planet"
"Path · Protect the planet","Momentum · headline","6","Momentum","The planet","","","src/lib/personalization.ts","6-momentum-headline-interest-planet"
"Path · Protect the planet","Momentum · imageAlt","6","Momentum","ASU sustainability and planetary stewardship in action","","","src/lib/personalization.ts","6-momentum-imagealt-interest-planet"
"Path · Protect the planet","Momentum · imageSrc","6","Momentum","/images/interests/planet-momentum.jpg","","","src/lib/personalization.ts","6-momentum-imagesrc-interest-planet"
"Path · Protect the planet","Momentum · stat","6","Momentum","#1","","","src/lib/personalization.ts","6-momentum-stat-interest-planet"
"Path · Protect the planet","Momentum · statLabel","6","Momentum","university for sustainability in the U.S.","","","src/lib/personalization.ts","6-momentum-statlabel-interest-planet"
"Path · Protect the planet","Momentum · subline","6","Momentum","doesn't need spectators.","","","src/lib/personalization.ts","6-momentum-subline-interest-planet"
"Path · Protect the planet","Student voice · context","7","Student Voice","ASU professor · School of Ocean Futures · surfer & storyteller","","","src/lib/sprint3-content.ts (planet)","7-student-voice-context-interest-planet"
"Path · Protect the planet","Student voice · imageAlt","7","Student Voice","Natural landscape and environmental stewardship","","","src/lib/sprint3-content.ts (planet)","7-student-voice-imagealt-interest-planet"
"Path · Protect the planet","Student voice · imageSrc","7","Student Voice","https://images.unsplash.com/photo-1470071459604-3b5ec3a7fe05?auto=format&fit=crop&w=2400&q=80","","","src/lib/sprint3-content.ts (planet)","7-student-voice-imagesrc-interest-planet"
"Path · Protect the planet","Student voice · name","7","Student Voice","Cliff Kapono","","","src/lib/sprint3-content.ts (planet)","7-student-voice-name-interest-planet"
"Path · Protect the planet","Student voice · quote","7","Student Voice","This holistic approach enables my students to see the bigger picture and empowers them to connect to people and the planet.","","","src/lib/sprint3-content.ts (planet)","7-student-voice-quote-interest-planet"
"Path · Protect the planet","Stat beat 1 · label","8","Stat Beats","university for sustainability","","","src/lib/sprint3-content.ts (planet)","8-stat-beat-1-label-interest-planet"
"Path · Protect the planet","Stat beat 1 · stat","8","Stat Beats","#1","","","src/lib/sprint3-content.ts (planet)","8-stat-beat-1-stat-interest-planet"
"Path · Protect the planet","Stat beat 1 · sublabel","8","Stat Beats","in the United States","","","src/lib/sprint3-content.ts (planet)","8-stat-beat-1-sublabel-interest-planet"
"Path · Protect the planet","Stat beat 2 · label","8","Stat Beats","national parks & monuments","","","src/lib/sprint3-content.ts (planet)","8-stat-beat-2-label-interest-planet"
"Path · Protect the planet","Stat beat 2 · stat","8","Stat Beats","24","","","src/lib/sprint3-content.ts (planet)","8-stat-beat-2-stat-interest-planet"
"Path · Protect the planet","Stat beat 2 · sublabel","8","Stat Beats","within reach in Arizona","","","src/lib/sprint3-content.ts (planet)","8-stat-beat-2-sublabel-interest-planet"
"Path · Protect the planet","Stat beat 3 · label","8","Stat Beats","sunny days a year","","","src/lib/sprint3-content.ts (planet)","8-stat-beat-3-label-interest-planet"
"Path · Protect the planet","Stat beat 3 · stat","8","Stat Beats","300","","","src/lib/sprint3-content.ts (planet)","8-stat-beat-3-stat-interest-planet"
"Path · Protect the planet","Stat beat 3 · sublabel","8","Stat Beats","field research in your backyard","","","src/lib/sprint3-content.ts (planet)","8-stat-beat-3-sublabel-interest-planet"
"Path · Protect the planet","Experience 1 · description","9","Real Experiences","The nation's first school dedicated to sustainability — degrees built for the defining challenge of our time.","","","src/lib/sprint3-content.ts (planet)","9-experience-1-description-interest-planet"
"Path · Protect the planet","Experience 1 · headline","9","Real Experiences","The first of its kind.","","","src/lib/sprint3-content.ts (planet)","9-experience-1-headline-interest-planet"
"Path · Protect the planet","Experience 1 · imageAlt","9","Real Experiences","Sustainable green architecture","","","src/lib/sprint3-content.ts (planet)","9-experience-1-imagealt-interest-planet"
"Path · Protect the planet","Experience 1 · imageSrc","9","Real Experiences","https://images.unsplash.com/photo-1497435334941-8c899ee9e8e9?auto=format&fit=crop&w=1600&q=80","","","src/lib/sprint3-content.ts (planet)","9-experience-1-imagesrc-interest-planet"
"Path · Protect the planet","Experience 1 · program","9","Real Experiences","School of Sustainability","","","src/lib/sprint3-content.ts (planet)","9-experience-1-program-interest-planet"
"Path · Protect the planet","Experience 2 · description","9","Real Experiences","Study abroad to Antarctica for wildlife and climate research — Arizona's landscape is part of the curriculum.","","","src/lib/sprint3-content.ts (planet)","9-experience-2-description-interest-planet"
"Path · Protect the planet","Experience 2 · headline","9","Real Experiences","Antarctica. The Grand Canyon. Your lab.","","","src/lib/sprint3-content.ts (planet)","9-experience-2-headline-interest-planet"
"Path · Protect the planet","Experience 2 · imageAlt","9","Real Experiences","Forest and natural environment research","","","src/lib/sprint3-content.ts (planet)","9-experience-2-imagealt-interest-planet"
"Path · Protect the planet","Experience 2 · imageSrc","9","Real Experiences","https://images.unsplash.com/photo-1441974231531-c6227db76b6e?auto=format&fit=crop&w=1600&q=80","","","src/lib/sprint3-content.ts (planet)","9-experience-2-imagesrc-interest-planet"
"Path · Protect the planet","Experience 2 · program","9","Real Experiences","Rob Walton College of Global Futures","","","src/lib/sprint3-content.ts (planet)","9-experience-2-program-interest-planet"
"Path · Protect the planet","Experience 3 · description","9","Real Experiences","ASU recognizes the 22 tribal nations of this land — and the canal systems Indigenous peoples designed centuries ago.","","","src/lib/sprint3-content.ts (planet)","9-experience-3-description-interest-planet"
"Path · Protect the planet","Experience 3 · headline","9","Real Experiences","Honoring first innovators.","","","src/lib/sprint3-content.ts (planet)","9-experience-3-headline-interest-planet"
"Path · Protect the planet","Experience 3 · imageAlt","9","Real Experiences","Solar energy and sustainable innovation","","","src/lib/sprint3-content.ts (planet)","9-experience-3-imagealt-interest-planet"
"Path · Protect the planet","Experience 3 · imageSrc","9","Real Experiences","https://images.unsplash.com/photo-1509391366360-2e959784a276?auto=format&fit=crop&w=1600&q=80","","","src/lib/sprint3-content.ts (planet)","9-experience-3-imagesrc-interest-planet"
"Path · Protect the planet","Experience 3 · program","9","Real Experiences","Indigenous Innovation","","","src/lib/sprint3-content.ts (planet)","9-experience-3-program-interest-planet"
"Path · Protect the planet","Belonging · chapter","10","You Belong","03.","","","src/lib/sprint3-content.ts (planet)","10-belonging-chapter-interest-planet"
"Path · Protect the planet","Belonging · emphasis","10","You Belong","you.","","","src/lib/sprint3-content.ts (planet)","10-belonging-emphasis-interest-planet"
"Path · Protect the planet","Belonging · headline","10","You Belong","the planet needs","","","src/lib/sprint3-content.ts (planet)","10-belonging-headline-interest-planet"
"Path · Protect the planet","Belonging · imageAlt","10","You Belong","Renewable energy landscape","","","src/lib/sprint3-content.ts (planet)","10-belonging-imagealt-interest-planet"
"Path · Protect the planet","Belonging · imageSrc","10","You Belong","https://images.unsplash.com/photo-1473341304170-971dccb5acae?auto=format&fit=crop&w=2400&q=80","","","src/lib/sprint3-content.ts (planet)","10-belonging-imagesrc-interest-planet"
"Path · Protect the planet","Belonging · preline","10","You Belong","Stewards like you —","","","src/lib/sprint3-content.ts (planet)","10-belonging-preline-interest-planet"
"Path · Protect the planet","Belonging · subline","10","You Belong","Not spectators. Contributors. Starting before you graduate.","","","src/lib/sprint3-content.ts (planet)","10-belonging-subline-interest-planet"
"Path · Protect the planet","Snapshot theme headline · emphasis","16","Future Snapshot","purpose.","","","src/lib/snapshot.ts","16-snapshot-theme-headline-emphasis-interest-planet"
"Path · Protect the planet","Snapshot theme headline · headline","16","Future Snapshot","Rooted in","","","src/lib/snapshot.ts","16-snapshot-theme-headline-headline-interest-planet"
"Path · Still exploring","Mirror · emphasis","4","Personalized Mirror","out.","","","src/lib/personalization.ts","4-mirror-emphasis-interest-exploring"
"Path · Still exploring","Mirror · headline","4","Personalized Mirror","figuring it","","","src/lib/personalization.ts","4-mirror-headline-interest-exploring"
"Path · Still exploring","Mirror · imageAlt","4","Personalized Mirror","Student contemplating their future on campus","","","src/lib/personalization.ts","4-mirror-imagealt-interest-exploring"
"Path · Still exploring","Mirror · imageSrc","4","Personalized Mirror","https://images.unsplash.com/photo-1523580495183-7fccf8c64754?auto=format&fit=crop&w=2400&q=80","","","src/lib/personalization.ts","4-mirror-imagesrc-interest-exploring"
"Path · Still exploring","Mirror · preline","4","Personalized Mirror","You're still","","","src/lib/personalization.ts","4-mirror-preline-interest-exploring"
"Path · Still exploring","Mirror · subline","4","Personalized Mirror","Good. That's exactly where the best stories begin.","","","src/lib/personalization.ts","4-mirror-subline-interest-exploring"
"Path · Still exploring","Path 1 · description","5","Path Reveal","Exploratory tracks let you sample majors before committing — no penalty for curiosity.","","","src/lib/personalization.ts","5-path-1-description-interest-exploring"
"Path · Still exploring","Path 1 · imageAlt","5","Path Reveal","Students exploring campus together","","","src/lib/personalization.ts","5-path-1-imagealt-interest-exploring"
"Path · Still exploring","Path 1 · imageSrc","5","Path Reveal","https://images.unsplash.com/photo-1523240795612-9a054b0db644?auto=format&fit=crop&w=1600&q=80","","","src/lib/personalization.ts","5-path-1-imagesrc-interest-exploring"
"Path · Still exploring","Path 1 · title","5","Path Reveal","Undecided? Perfect.","","","src/lib/personalization.ts","5-path-1-title-interest-exploring"
"Path · Still exploring","Path 2 · description","5","Path Reveal","From astrophysics to fashion — if it exists, ASU probably teaches it.","","","src/lib/personalization.ts","5-path-2-description-interest-exploring"
"Path · Still exploring","Path 2 · imageAlt","5","Path Reveal","University campus overview","","","src/lib/personalization.ts","5-path-2-imagealt-interest-exploring"
"Path · Still exploring","Path 2 · imageSrc","5","Path Reveal","https://images.unsplash.com/photo-1562774053-701939374585?auto=format&fit=crop&w=1600&q=80","","","src/lib/personalization.ts","5-path-2-imagesrc-interest-exploring"
"Path · Still exploring","Path 2 · title","5","Path Reveal","400+ paths","","","src/lib/personalization.ts","5-path-2-title-interest-exploring"
"Path · Still exploring","Path 3 · description","5","Path Reveal","Most students switch direction at least once. Here, that's a feature — not a failure.","","","src/lib/personalization.ts","5-path-3-description-interest-exploring"
"Path · Still exploring","Path 3 · imageAlt","5","Path Reveal","Student studying with an open mind","","","src/lib/personalization.ts","5-path-3-imagealt-interest-exploring"
"Path · Still exploring","Path 3 · imageSrc","5","Path Reveal","https://images.unsplash.com/photo-1434030216411-0b793f4b4173?auto=format&fit=crop&w=1600&q=80","","","src/lib/personalization.ts","5-path-3-imagesrc-interest-exploring"
"Path · Still exploring","Path 3 · title","5","Path Reveal","Change your mind","","","src/lib/personalization.ts","5-path-3-title-interest-exploring"
"Path · Still exploring","Momentum · headline","6","Momentum","Not knowing","","","src/lib/personalization.ts","6-momentum-headline-interest-exploring"
"Path · Still exploring","Momentum · imageAlt","6","Momentum","Students walking across campus","","","src/lib/personalization.ts","6-momentum-imagealt-interest-exploring"
"Path · Still exploring","Momentum · imageSrc","6","Momentum","https://images.unsplash.com/photo-1541339907198-e08756dedf32?auto=format&fit=crop&w=2400&q=80","","","src/lib/personalization.ts","6-momentum-imagesrc-interest-exploring"
"Path · Still exploring","Momentum · stat","6","Momentum","400+","","","src/lib/personalization.ts","6-momentum-stat-interest-exploring"
"Path · Still exploring","Momentum · statLabel","6","Momentum","undergraduate degrees to explore","","","src/lib/personalization.ts","6-momentum-statlabel-interest-exploring"
"Path · Still exploring","Momentum · subline","6","Momentum","is the most honest place to start.","","","src/lib/personalization.ts","6-momentum-subline-interest-exploring"
"Path · Still exploring","Student voice · context","7","Student Voice","Journalism · switched from dance · now at 12 News","","","src/lib/sprint3-content.ts (exploring)","7-student-voice-context-interest-exploring"
"Path · Still exploring","Student voice · imageAlt","7","Student Voice","Student exploring academic options","","","src/lib/sprint3-content.ts (exploring)","7-student-voice-imagealt-interest-exploring"
"Path · Still exploring","Student voice · imageSrc","7","Student Voice","https://images.unsplash.com/photo-1434030216411-0b793f4b4173?auto=format&fit=crop&w=2400&q=80","","","src/lib/sprint3-content.ts (exploring)","7-student-voice-imagesrc-interest-exploring"
"Path · Still exploring","Student voice · name","7","Student Voice","Lina W.","","","src/lib/sprint3-content.ts (exploring)","7-student-voice-name-interest-exploring"
"Path · Still exploring","Student voice · quote","7","Student Voice","I switched my major to broadcast journalism toward the end of my first year. ASU shaped who I am today.","","","src/lib/sprint3-content.ts (exploring)","7-student-voice-quote-interest-exploring"
"Path · Still exploring","Stat beat 1 · label","8","Stat Beats","undergraduate degrees","","","src/lib/sprint3-content.ts (exploring)","8-stat-beat-1-label-interest-exploring"
"Path · Still exploring","Stat beat 1 · stat","8","Stat Beats","400+","","","src/lib/sprint3-content.ts (exploring)","8-stat-beat-1-stat-interest-exploring"
"Path · Still exploring","Stat beat 1 · sublabel","8","Stat Beats","if it exists, ASU probably teaches it","","","src/lib/sprint3-content.ts (exploring)","8-stat-beat-1-sublabel-interest-exploring"
"Path · Still exploring","Stat beat 2 · label","8","Stat Beats","colleges & schools","","","src/lib/sprint3-content.ts (exploring)","8-stat-beat-2-label-interest-exploring"
"Path · Still exploring","Stat beat 2 · stat","8","Stat Beats","18","","","src/lib/sprint3-content.ts (exploring)","8-stat-beat-2-stat-interest-exploring"
"Path · Still exploring","Stat beat 2 · sublabel","8","Stat Beats","sample before you commit","","","src/lib/sprint3-content.ts (exploring)","8-stat-beat-2-sublabel-interest-exploring"
"Path · Still exploring","Stat beat 3 · label","8","Stat Beats","on-campus retention","","","src/lib/sprint3-content.ts (exploring)","8-stat-beat-3-label-interest-exploring"
"Path · Still exploring","Stat beat 3 · stat","8","Stat Beats","95%","","","src/lib/sprint3-content.ts (exploring)","8-stat-beat-3-stat-interest-exploring"
"Path · Still exploring","Stat beat 3 · sublabel","8","Stat Beats","community from day one keeps you here","","","src/lib/sprint3-content.ts (exploring)","8-stat-beat-3-sublabel-interest-exploring"
"Path · Still exploring","Experience 1 · description","9","Real Experiences","Exploratory tracks let you sample majors before committing — curiosity isn't a penalty, it's the point.","","","src/lib/sprint3-content.ts (exploring)","9-experience-1-description-interest-exploring"
"Path · Still exploring","Experience 1 · headline","9","Real Experiences","Undecided? Perfect.","","","src/lib/sprint3-content.ts (exploring)","9-experience-1-headline-interest-exploring"
"Path · Still exploring","Experience 1 · imageAlt","9","Real Experiences","Students exploring campus together","","","src/lib/sprint3-content.ts (exploring)","9-experience-1-imagealt-interest-exploring"
"Path · Still exploring","Experience 1 · imageSrc","9","Real Experiences","https://images.unsplash.com/photo-1523240795612-9a054b0db644?auto=format&fit=crop&w=1600&q=80","","","src/lib/sprint3-content.ts (exploring)","9-experience-1-imagesrc-interest-exploring"
"Path · Still exploring","Experience 1 · program","9","Real Experiences","University College","","","src/lib/sprint3-content.ts (exploring)","9-experience-1-program-interest-exploring"
"Path · Still exploring","Experience 2 · description","9","Real Experiences","Online tools that map your degree path — and make switching direction seamless when you find your thing.","","","src/lib/sprint3-content.ts (exploring)","9-experience-2-description-interest-exploring"
"Path · Still exploring","Experience 2 · headline","9","Real Experiences","Stay on track. Or change course.","","","src/lib/sprint3-content.ts (exploring)","9-experience-2-headline-interest-exploring"
"Path · Still exploring","Experience 2 · imageAlt","9","Real Experiences","Student planning their academic journey","","","src/lib/sprint3-content.ts (exploring)","9-experience-2-imagealt-interest-exploring"
"Path · Still exploring","Experience 2 · imageSrc","9","Real Experiences","https://images.unsplash.com/photo-1434030216411-0b793f4b4173?auto=format&fit=crop&w=1600&q=80","","","src/lib/sprint3-content.ts (exploring)","9-experience-2-imagesrc-interest-exploring"
"Path · Still exploring","Experience 2 · program","9","Real Experiences","eAdvisor™","","","src/lib/sprint3-content.ts (exploring)","9-experience-2-program-interest-exploring"
"Path · Still exploring","Experience 3 · description","9","Real Experiences","Tempe's energy. Polytechnic's makerspaces. Downtown's city feel. West Valley's tight-knit community.","","","src/lib/sprint3-content.ts (exploring)","9-experience-3-description-interest-exploring"
"Path · Still exploring","Experience 3 · headline","9","Real Experiences","Find the ASU that fits you.","","","src/lib/sprint3-content.ts (exploring)","9-experience-3-headline-interest-exploring"
"Path · Still exploring","Experience 3 · imageAlt","9","Real Experiences","Multiple campus environments at ASU","","","src/lib/sprint3-content.ts (exploring)","9-experience-3-imagealt-interest-exploring"
"Path · Still exploring","Experience 3 · imageSrc","9","Real Experiences","https://images.unsplash.com/photo-1562774053-701939374585?auto=format&fit=crop&w=1600&q=80","","","src/lib/sprint3-content.ts (exploring)","9-experience-3-imagesrc-interest-exploring"
"Path · Still exploring","Experience 3 · program","9","Real Experiences","4 Campuses · 1 University","","","src/lib/sprint3-content.ts (exploring)","9-experience-3-program-interest-exploring"
"Path · Still exploring","Belonging · chapter","10","You Belong","03.","","","src/lib/sprint3-content.ts (exploring)","10-belonging-chapter-interest-exploring"
"Path · Still exploring","Belonging · emphasis","10","You Belong","honest place to start.","","","src/lib/sprint3-content.ts (exploring)","10-belonging-emphasis-interest-exploring"
"Path · Still exploring","Belonging · headline","10","You Belong","That's the most","","","src/lib/sprint3-content.ts (exploring)","10-belonging-headline-interest-exploring"
"Path · Still exploring","Belonging · imageAlt","10","You Belong","Student contemplating their future","","","src/lib/sprint3-content.ts (exploring)","10-belonging-imagealt-interest-exploring"
"Path · Still exploring","Belonging · imageSrc","10","You Belong","https://images.unsplash.com/photo-1523580495183-7fccf8c64754?auto=format&fit=crop&w=2400&q=80","","","src/lib/sprint3-content.ts (exploring)","10-belonging-imagesrc-interest-exploring"
"Path · Still exploring","Belonging · preline","10","You Belong","Still figuring it out?","","","src/lib/sprint3-content.ts (exploring)","10-belonging-preline-interest-exploring"
"Path · Still exploring","Belonging · subline","10","You Belong","Most students change direction at least once. Here, that's a feature.","","","src/lib/sprint3-content.ts (exploring)","10-belonging-subline-interest-exploring"
"Path · Still exploring","Snapshot theme headline · emphasis","16","Future Snapshot","possibility.","","","src/lib/snapshot.ts","16-snapshot-theme-headline-emphasis-interest-exploring"
"Path · Still exploring","Snapshot theme headline · headline","16","Future Snapshot","Wide open","","","src/lib/snapshot.ts","16-snapshot-theme-headline-headline-interest-exploring"
"Learning style · Hands-on","Overlay stat (replaces beat 2) · label","8","Stat Beats","makerspaces & labs","","","src/lib/sprint4-content.ts","8-overlay-stat-replaces-beat-2-label-learning-hands-on"
"Learning style · Hands-on","Overlay stat (replaces beat 2) · stat","8","Stat Beats","100+","","","src/lib/sprint4-content.ts","8-overlay-stat-replaces-beat-2-stat-learning-hands-on"
"Learning style · Hands-on","Overlay stat (replaces beat 2) · sublabel","8","Stat Beats","prototype, build, and ship before you graduate","","","src/lib/sprint4-content.ts","8-overlay-stat-replaces-beat-2-sublabel-learning-hands-on"
"Learning style · Hands-on","Overlay · belonging subline suffix · suffix","11","Learning Style","Where you build is as important as what you build.","","","src/lib/sprint4-content.ts","11-overlay-belonging-subline-suffix-suffix-learning-hands-on"
"Learning style · Hands-on","Overlay · voice context suffix · suffix","11","Learning Style","· learns by doing","","","src/lib/sprint4-content.ts","11-overlay-voice-context-suffix-suffix-learning-hands-on"
"Learning style · With people","Overlay stat (replaces beat 2) · label","8","Stat Beats","student-to-faculty ratio","","","src/lib/sprint4-content.ts","8-overlay-stat-replaces-beat-2-label-learning-collaborative"
"Learning style · With people","Overlay stat (replaces beat 2) · stat","8","Stat Beats","18:1","","","src/lib/sprint4-content.ts","8-overlay-stat-replaces-beat-2-stat-learning-collaborative"
"Learning style · With people","Overlay stat (replaces beat 2) · sublabel","8","Stat Beats","small groups, active learning, real mentorship","","","src/lib/sprint4-content.ts","8-overlay-stat-replaces-beat-2-sublabel-learning-collaborative"
"Learning style · With people","Overlay · belonging subline suffix · suffix","11","Learning Style","Your people are already here.","","","src/lib/sprint4-content.ts","11-overlay-belonging-subline-suffix-suffix-learning-collaborative"
"Learning style · With people","Overlay · voice context suffix · suffix","11","Learning Style","· thrives in community","","","src/lib/sprint4-content.ts","11-overlay-voice-context-suffix-suffix-learning-collaborative"
"Learning style · On my own","Overlay stat (replaces beat 3) · label","8","Stat Beats","online programs in the U.S.","","","src/lib/sprint4-content.ts","8-overlay-stat-replaces-beat-3-label-learning-independent"
"Learning style · On my own","Overlay stat (replaces beat 3) · stat","8","Stat Beats","Top 20","","","src/lib/sprint4-content.ts","8-overlay-stat-replaces-beat-3-stat-learning-independent"
"Learning style · On my own","Overlay stat (replaces beat 3) · sublabel","8","Stat Beats","same faculty, same degree — your schedule","","","src/lib/sprint4-content.ts","8-overlay-stat-replaces-beat-3-sublabel-learning-independent"
"Learning style · On my own","Overlay · belonging subline suffix · suffix","11","Learning Style","Learn your way, at your pace.","","","src/lib/sprint4-content.ts","11-overlay-belonging-subline-suffix-suffix-learning-independent"
"Learning style · On my own","Overlay · voice context suffix · suffix","11","Learning Style","· charts their own course","","","src/lib/sprint4-content.ts","11-overlay-voice-context-suffix-suffix-learning-independent"
"Learning style · Still exploring","Overlay stat (replaces beat 1) · label","8","Stat Beats","degrees to sample","","","src/lib/sprint4-content.ts","8-overlay-stat-replaces-beat-1-label-learning-exploring"
"Learning style · Still exploring","Overlay stat (replaces beat 1) · stat","8","Stat Beats","400+","","","src/lib/sprint4-content.ts","8-overlay-stat-replaces-beat-1-stat-learning-exploring"
"Learning style · Still exploring","Overlay stat (replaces beat 1) · sublabel","8","Stat Beats","change direction without starting over","","","src/lib/sprint4-content.ts","8-overlay-stat-replaces-beat-1-sublabel-learning-exploring"
"Learning style · Still exploring","Overlay · belonging subline suffix · suffix","11","Learning Style","Not knowing yet is the most honest place to start.","","","src/lib/sprint4-content.ts","11-overlay-belonging-subline-suffix-suffix-learning-exploring"
"Learning style · Still exploring","Overlay · voice context suffix · suffix","11","Learning Style","· still discovering","","","src/lib/sprint4-content.ts","11-overlay-voice-context-suffix-suffix-learning-exploring"
"Campus · Tempe","Campus overlay · experience (replaces panel 3) · description","9","Real Experiences","Mountain America Stadium, Big 12 athletics, and the Inferno student section — pure passion before classes even start.","","","src/lib/sprint4-content.ts","9-campus-overlay-experience-replaces-panel-3-description-campus-tempe"
"Campus · Tempe","Campus overlay · experience (replaces panel 3) · headline","9","Real Experiences","70,000 Sun Devils. One stadium.","","","src/lib/sprint4-content.ts","9-campus-overlay-experience-replaces-panel-3-headline-campus-tempe"
"Campus · Tempe","Campus overlay · experience (replaces panel 3) · imageAlt","9","Real Experiences","Sun Devil stadium energy","","","src/lib/sprint4-content.ts","9-campus-overlay-experience-replaces-panel-3-imagealt-campus-tempe"
"Campus · Tempe","Campus overlay · experience (replaces panel 3) · imageSrc","9","Real Experiences","https://images.unsplash.com/photo-1459865264687-595d652de67e?auto=format&fit=crop&w=1600&q=80","","","src/lib/sprint4-content.ts","9-campus-overlay-experience-replaces-panel-3-imagesrc-campus-tempe"
"Campus · Tempe","Campus overlay · experience (replaces panel 3) · program","9","Real Experiences","Sun Devil Welcome · Tempe","","","src/lib/sprint4-content.ts","9-campus-overlay-experience-replaces-panel-3-program-campus-tempe"
"Campus · Tempe","Campus overlay · belonging · emphasis","10","You Belong","belong.","","","src/lib/sprint4-content.ts","10-campus-overlay-belonging-emphasis-campus-tempe"
"Campus · Tempe","Campus overlay · belonging · headline","10","You Belong","you","","","src/lib/sprint4-content.ts","10-campus-overlay-belonging-headline-campus-tempe"
"Campus · Tempe","Campus overlay · belonging · preline","10","You Belong","Picture yourself on campus —","","","src/lib/sprint4-content.ts","10-campus-overlay-belonging-preline-campus-tempe"
"Campus · Tempe","Immersion · campusLabel","13","Campus Immersion","Tempe","","","src/lib/sprint5-content.ts","13-immersion-campuslabel-campus-tempe"
"Campus · Tempe","Immersion · detail","13","Campus Immersion","Big 12 sports, multidisciplinary research, innovative VR labs — ASU's historic campus with an electric, friendly atmosphere.","","","src/lib/sprint5-content.ts","13-immersion-detail-campus-tempe"
"Campus · Tempe","Immersion · headline","13","Campus Immersion","The heartbeat","","","src/lib/sprint5-content.ts","13-immersion-headline-campus-tempe"
"Campus · Tempe","Immersion · imageAlt","13","Campus Immersion","Students walking across the Tempe campus at sunset","","","src/lib/sprint5-content.ts","13-immersion-imagealt-campus-tempe"
"Campus · Tempe","Immersion · imageSrc","13","Campus Immersion","https://images.unsplash.com/photo-1541339907198-e08756dedf32?auto=format&fit=crop&w=2400&q=80","","","src/lib/sprint5-content.ts","13-immersion-imagesrc-campus-tempe"
"Campus · Tempe","Immersion · subline","13","Campus Immersion","of ASU.","","","src/lib/sprint5-content.ts","13-immersion-subline-campus-tempe"
"Campus · Tempe","Immersion · vibe","13","Campus Immersion","Energy","","","src/lib/sprint5-content.ts","13-immersion-vibe-campus-tempe"
"Campus · Downtown Phoenix","Campus overlay · experience (replaces panel 1) · description","9","Real Experiences","Steps from hospitals, newsrooms, and government — journalism, nursing, and public service at your doorstep.","","","src/lib/sprint4-content.ts","9-campus-overlay-experience-replaces-panel-1-description-campus-downtown"
"Campus · Downtown Phoenix","Campus overlay · experience (replaces panel 1) · headline","9","Real Experiences","Big-city energy. Career focus.","","","src/lib/sprint4-content.ts","9-campus-overlay-experience-replaces-panel-1-headline-campus-downtown"
"Campus · Downtown Phoenix","Campus overlay · experience (replaces panel 1) · imageAlt","9","Real Experiences","Downtown Phoenix campus environment","","","src/lib/sprint4-content.ts","9-campus-overlay-experience-replaces-panel-1-imagealt-campus-downtown"
"Campus · Downtown Phoenix","Campus overlay · experience (replaces panel 1) · imageSrc","9","Real Experiences","https://images.unsplash.com/photo-1477959856237-4a6700d41685?auto=format&fit=crop&w=1600&q=80","","","src/lib/sprint4-content.ts","9-campus-overlay-experience-replaces-panel-1-imagesrc-campus-downtown"
"Campus · Downtown Phoenix","Campus overlay · experience (replaces panel 1) · program","9","Real Experiences","Downtown Phoenix campus","","","src/lib/sprint4-content.ts","9-campus-overlay-experience-replaces-panel-1-program-campus-downtown"
"Campus · Downtown Phoenix","Campus overlay · belonging · emphasis","10","You Belong","belong.","","","src/lib/sprint4-content.ts","10-campus-overlay-belonging-emphasis-campus-downtown"
"Campus · Downtown Phoenix","Campus overlay · belonging · headline","10","You Belong","you","","","src/lib/sprint4-content.ts","10-campus-overlay-belonging-headline-campus-downtown"
"Campus · Downtown Phoenix","Campus overlay · belonging · preline","10","You Belong","The city is your campus —","","","src/lib/sprint4-content.ts","10-campus-overlay-belonging-preline-campus-downtown"
"Campus · Downtown Phoenix","Immersion · campusLabel","13","Campus Immersion","Downtown Phoenix","","","src/lib/sprint5-content.ts","13-immersion-campuslabel-campus-downtown"
"Campus · Downtown Phoenix","Immersion · detail","13","Campus Immersion","Health care, journalism, government, public service — a big-city feel in a professional environment steps from industry.","","","src/lib/sprint5-content.ts","13-immersion-detail-campus-downtown"
"Campus · Downtown Phoenix","Immersion · headline","13","Campus Immersion","Career connections","","","src/lib/sprint5-content.ts","13-immersion-headline-campus-downtown"
"Campus · Downtown Phoenix","Immersion · imageAlt","13","Campus Immersion","Downtown Phoenix campus and city skyline","","","src/lib/sprint5-content.ts","13-immersion-imagealt-campus-downtown"
"Campus · Downtown Phoenix","Immersion · imageSrc","13","Campus Immersion","https://images.unsplash.com/photo-1477959856237-4a6700d41685?auto=format&fit=crop&w=2400&q=80","","","src/lib/sprint5-content.ts","13-immersion-imagesrc-campus-downtown"
"Campus · Downtown Phoenix","Immersion · subline","13","Campus Immersion","everywhere.","","","src/lib/sprint5-content.ts","13-immersion-subline-campus-downtown"
"Campus · Downtown Phoenix","Immersion · vibe","13","Campus Immersion","City","","","src/lib/sprint5-content.ts","13-immersion-vibe-campus-downtown"
"Campus · Polytechnic","Campus overlay · experience (replaces panel 1) · description","9","Real Experiences","Industry partnerships, specialized tools, and hands-on learning in a serene desert arboretum setting.","","","src/lib/sprint4-content.ts","9-campus-overlay-experience-replaces-panel-1-description-campus-polytechnic"
"Campus · Polytechnic","Campus overlay · experience (replaces panel 1) · headline","9","Real Experiences","Makerspaces in the desert.","","","src/lib/sprint4-content.ts","9-campus-overlay-experience-replaces-panel-1-headline-campus-polytechnic"
"Campus · Polytechnic","Campus overlay · experience (replaces panel 1) · imageAlt","9","Real Experiences","Polytechnic campus makerspace","","","src/lib/sprint4-content.ts","9-campus-overlay-experience-replaces-panel-1-imagealt-campus-polytechnic"
"Campus · Polytechnic","Campus overlay · experience (replaces panel 1) · imageSrc","9","Real Experiences","https://images.unsplash.com/photo-1581091226825-a6a2a5aee158?auto=format&fit=crop&w=1600&q=80","","","src/lib/sprint4-content.ts","9-campus-overlay-experience-replaces-panel-1-imagesrc-campus-polytechnic"
"Campus · Polytechnic","Campus overlay · experience (replaces panel 1) · program","9","Real Experiences","Polytechnic campus","","","src/lib/sprint4-content.ts","9-campus-overlay-experience-replaces-panel-1-program-campus-polytechnic"
"Campus · Polytechnic","Campus overlay · belonging · emphasis","10","You Belong","belong.","","","src/lib/sprint4-content.ts","10-campus-overlay-belonging-emphasis-campus-polytechnic"
"Campus · Polytechnic","Campus overlay · belonging · headline","10","You Belong","you","","","src/lib/sprint4-content.ts","10-campus-overlay-belonging-headline-campus-polytechnic"
"Campus · Polytechnic","Campus overlay · belonging · preline","10","You Belong","Build in the desert —","","","src/lib/sprint4-content.ts","10-campus-overlay-belonging-preline-campus-polytechnic"
"Campus · Polytechnic","Immersion · campusLabel","13","Campus Immersion","Polytechnic","","","src/lib/sprint5-content.ts","13-immersion-campuslabel-campus-polytechnic"
"Campus · Polytechnic","Immersion · detail","13","Campus Immersion","A desert arboretum, industry partnerships, and innovative makerspaces — serene, easygoing, and built for builders.","","","src/lib/sprint5-content.ts","13-immersion-detail-campus-polytechnic"
"Campus · Polytechnic","Immersion · headline","13","Campus Immersion","Hands-on","","","src/lib/sprint5-content.ts","13-immersion-headline-campus-polytechnic"
"Campus · Polytechnic","Immersion · imageAlt","13","Campus Immersion","Polytechnic campus makerspace and desert landscape","","","src/lib/sprint5-content.ts","13-immersion-imagealt-campus-polytechnic"
"Campus · Polytechnic","Immersion · imageSrc","13","Campus Immersion","https://images.unsplash.com/photo-1581091226825-a6a2a5aee158?auto=format&fit=crop&w=2400&q=80","","","src/lib/sprint5-content.ts","13-immersion-imagesrc-campus-polytechnic"
"Campus · Polytechnic","Immersion · subline","13","Campus Immersion","from day one.","","","src/lib/sprint5-content.ts","13-immersion-subline-campus-polytechnic"
"Campus · Polytechnic","Immersion · vibe","13","Campus Immersion","Makers","","","src/lib/sprint5-content.ts","13-immersion-vibe-campus-polytechnic"
"Campus · West Valley","Campus overlay · experience (replaces panel 2) · description","9","Real Experiences","Courtyards, fountains, and a peaceful community focused on training the next-generation workforce.","","","src/lib/sprint4-content.ts","9-campus-overlay-experience-replaces-panel-2-description-campus-west-valley"
"Campus · West Valley","Campus overlay · experience (replaces panel 2) · headline","9","Real Experiences","Tight-knit. Focused. Yours.","","","src/lib/sprint4-content.ts","9-campus-overlay-experience-replaces-panel-2-headline-campus-west-valley"
"Campus · West Valley","Campus overlay · experience (replaces panel 2) · imageAlt","9","Real Experiences","West Valley campus community","","","src/lib/sprint4-content.ts","9-campus-overlay-experience-replaces-panel-2-imagealt-campus-west-valley"
"Campus · West Valley","Campus overlay · experience (replaces panel 2) · imageSrc","9","Real Experiences","https://images.unsplash.com/photo-1562774053-701939374585?auto=format&fit=crop&w=1600&q=80","","","src/lib/sprint4-content.ts","9-campus-overlay-experience-replaces-panel-2-imagesrc-campus-west-valley"
"Campus · West Valley","Campus overlay · experience (replaces panel 2) · program","9","Real Experiences","West Valley campus","","","src/lib/sprint4-content.ts","9-campus-overlay-experience-replaces-panel-2-program-campus-west-valley"
"Campus · West Valley","Campus overlay · belonging · emphasis","10","You Belong","belong.","","","src/lib/sprint4-content.ts","10-campus-overlay-belonging-emphasis-campus-west-valley"
"Campus · West Valley","Campus overlay · belonging · headline","10","You Belong","where you","","","src/lib/sprint4-content.ts","10-campus-overlay-belonging-headline-campus-west-valley"
"Campus · West Valley","Campus overlay · belonging · preline","10","You Belong","Find your community —","","","src/lib/sprint4-content.ts","10-campus-overlay-belonging-preline-campus-west-valley"
"Campus · West Valley","Immersion · campusLabel","13","Campus Immersion","West Valley","","","src/lib/sprint5-content.ts","13-immersion-campuslabel-campus-west-valley"
"Campus · West Valley","Immersion · detail","13","Campus Immersion","Beautiful courtyards and fountains, a peaceful welcoming vibe, and a community focused on training the next-generation workforce.","","","src/lib/sprint5-content.ts","13-immersion-detail-campus-west-valley"
"Campus · West Valley","Immersion · headline","13","Campus Immersion","Tight-knit.","","","src/lib/sprint5-content.ts","13-immersion-headline-campus-west-valley"
"Campus · West Valley","Immersion · imageAlt","13","Campus Immersion","West Valley campus courtyards","","","src/lib/sprint5-content.ts","13-immersion-imagealt-campus-west-valley"
"Campus · West Valley","Immersion · imageSrc","13","Campus Immersion","https://images.unsplash.com/photo-1562774053-701939374585?auto=format&fit=crop&w=2400&q=80","","","src/lib/sprint5-content.ts","13-immersion-imagesrc-campus-west-valley"
"Campus · West Valley","Immersion · subline","13","Campus Immersion","Focused.","","","src/lib/sprint5-content.ts","13-immersion-subline-campus-west-valley"
"Campus · West Valley","Immersion · vibe","13","Campus Immersion","Community","","","src/lib/sprint5-content.ts","13-immersion-vibe-campus-west-valley"
"Campus · ASU Online","Campus overlay · experience (replaces panel 1) · description","9","Real Experiences","More top-20 online programs than any other university — research, internships, and hands-on learning included.","","","src/lib/sprint4-content.ts","9-campus-overlay-experience-replaces-panel-1-description-campus-online"
"Campus · ASU Online","Campus overlay · experience (replaces panel 1) · headline","9","Real Experiences","Anywhere becomes campus.","","","src/lib/sprint4-content.ts","9-campus-overlay-experience-replaces-panel-1-headline-campus-online"
"Campus · ASU Online","Campus overlay · experience (replaces panel 1) · imageAlt","9","Real Experiences","ASU Online student learning remotely","","","src/lib/sprint4-content.ts","9-campus-overlay-experience-replaces-panel-1-imagealt-campus-online"
"Campus · ASU Online","Campus overlay · experience (replaces panel 1) · imageSrc","9","Real Experiences","https://images.unsplash.com/photo-1522202176988-66273c2fd55f?auto=format&fit=crop&w=1600&q=80","","","src/lib/sprint4-content.ts","9-campus-overlay-experience-replaces-panel-1-imagesrc-campus-online"
"Campus · ASU Online","Campus overlay · experience (replaces panel 1) · program","9","Real Experiences","ASU Online","","","src/lib/sprint4-content.ts","9-campus-overlay-experience-replaces-panel-1-program-campus-online"
"Campus · ASU Online","Campus overlay · belonging · emphasis","10","You Belong","belong.","","","src/lib/sprint4-content.ts","10-campus-overlay-belonging-emphasis-campus-online"
"Campus · ASU Online","Campus overlay · belonging · headline","10","You Belong","you","","","src/lib/sprint4-content.ts","10-campus-overlay-belonging-headline-campus-online"
"Campus · ASU Online","Campus overlay · belonging · preline","10","You Belong","Wherever you are —","","","src/lib/sprint4-content.ts","10-campus-overlay-belonging-preline-campus-online"
"Campus · ASU Online","Immersion · campusLabel","13","Campus Immersion","ASU Online","","","src/lib/sprint5-content.ts","13-immersion-campuslabel-campus-online"
"Campus · ASU Online","Immersion · detail","13","Campus Immersion","More top-20 online programs than any other university — same faculty, same curriculum, research and internships included.","","","src/lib/sprint5-content.ts","13-immersion-detail-campus-online"
"Campus · ASU Online","Immersion · headline","13","Campus Immersion","Campus is","","","src/lib/sprint5-content.ts","13-immersion-headline-campus-online"
"Campus · ASU Online","Immersion · imageAlt","13","Campus Immersion","Student learning from anywhere in the world","","","src/lib/sprint5-content.ts","13-immersion-imagealt-campus-online"
"Campus · ASU Online","Immersion · imageSrc","13","Campus Immersion","https://images.unsplash.com/photo-1522202176988-66273c2fd55f?auto=format&fit=crop&w=2400&q=80","","","src/lib/sprint5-content.ts","13-immersion-imagesrc-campus-online"
"Campus · ASU Online","Immersion · subline","13","Campus Immersion","where you are.","","","src/lib/sprint5-content.ts","13-immersion-subline-campus-online"
"Campus · ASU Online","Immersion · vibe","13","Campus Immersion","Anywhere","","","src/lib/sprint5-content.ts","13-immersion-vibe-campus-online"
"Campus · Not sure yet","Campus overlay · experience (replaces panel 3) · description","9","Real Experiences","Tempe's energy, Downtown's city pulse, Polytechnic's makerspaces, West Valley's community — take a virtual tour of each.","","","src/lib/sprint4-content.ts","9-campus-overlay-experience-replaces-panel-3-description-campus-undecided"
"Campus · Not sure yet","Campus overlay · experience (replaces panel 3) · headline","9","Real Experiences","Find the fit that feels like you.","","","src/lib/sprint4-content.ts","9-campus-overlay-experience-replaces-panel-3-headline-campus-undecided"
"Campus · Not sure yet","Campus overlay · experience (replaces panel 3) · imageAlt","9","Real Experiences","Student exploring ASU campus options","","","src/lib/sprint4-content.ts","9-campus-overlay-experience-replaces-panel-3-imagealt-campus-undecided"
"Campus · Not sure yet","Campus overlay · experience (replaces panel 3) · imageSrc","9","Real Experiences","https://images.unsplash.com/photo-1523580495183-7fccf8c64754?auto=format&fit=crop&w=1600&q=80","","","src/lib/sprint4-content.ts","9-campus-overlay-experience-replaces-panel-3-imagesrc-campus-undecided"
"Campus · Not sure yet","Campus overlay · experience (replaces panel 3) · program","9","Real Experiences","Four campuses · One ASU","","","src/lib/sprint4-content.ts","9-campus-overlay-experience-replaces-panel-3-program-campus-undecided"
"Campus · Not sure yet","Campus overlay · belonging · emphasis","10","You Belong","belong.","","","src/lib/sprint4-content.ts","10-campus-overlay-belonging-emphasis-campus-undecided"
"Campus · Not sure yet","Campus overlay · belonging · headline","10","You Belong","you","","","src/lib/sprint4-content.ts","10-campus-overlay-belonging-headline-campus-undecided"
"Campus · Not sure yet","Campus overlay · belonging · preline","10","You Belong","You'll know when it feels right —","","","src/lib/sprint4-content.ts","10-campus-overlay-belonging-preline-campus-undecided"
"Campus · Not sure yet","Immersion · campusLabel","13","Campus Immersion","Your campus","","","src/lib/sprint5-content.ts","13-immersion-campuslabel-campus-undecided"
"Campus · Not sure yet","Immersion · detail","13","Campus Immersion","Take a virtual tour of each campus. Where you learn can be as important as what you learn.","","","src/lib/sprint5-content.ts","13-immersion-detail-campus-undecided"
"Campus · Not sure yet","Immersion · headline","13","Campus Immersion","You'll know","","","src/lib/sprint5-content.ts","13-immersion-headline-campus-undecided"
"Campus · Not sure yet","Immersion · imageAlt","13","Campus Immersion","Student exploring campus options","","","src/lib/sprint5-content.ts","13-immersion-imagealt-campus-undecided"
"Campus · Not sure yet","Immersion · imageSrc","13","Campus Immersion","https://images.unsplash.com/photo-1523580495183-7fccf8c64754?auto=format&fit=crop&w=2400&q=80","","","src/lib/sprint5-content.ts","13-immersion-imagesrc-campus-undecided"
"Campus · Not sure yet","Immersion · subline","13","Campus Immersion","when it clicks.","","","src/lib/sprint5-content.ts","13-immersion-subline-campus-undecided"
"Campus · Not sure yet","Immersion · vibe","13","Campus Immersion","Open","","","src/lib/sprint5-content.ts","13-immersion-vibe-campus-undecided"